Child_BIRTHS_ALL_YEAR,RESID_STATE,AGE,EMPLOYMENT,EDUC_LEVEL,YEAR,marriage_dummies
0,26,11,0,0,1,0
0,26,12,0,0,1,0
1,26,14,0,0,1,1
0,26,11,0,0,1,1
0,26,8,0,0,1,0
3,26,16,7,9,1,1
1,48,5,0,0,1,0
2,48,3,0,0,1,0
0,48,1,0,0,1,0
0,48,5,0,0,1,0
0,48,2,0,0,1,0
0,26,1,0,0,1,0
0,49,4,0,0,1,0
0,26,4,0,0,1,0
0,48,2,0,0,1,0
1,48,9,0,0,1,0
1,48,8,0,0,1,1
1,26,14,0,0,1,0
0,26,11,0,0,1,0
0,48,8,0,0,1,0
0,25,12,0,0,1,0
3,26,12,0,0,1,1
0,24,11,0,0,1,0
0,24,8,0,0,1,0
1,48,16,7,8,1,1
1,48,14,0,0,1,1
0,48,15,0,0,1,0
2,49,8,0,0,1,1
0,26,12,0,0,1,0
0,26,5,0,0,1,1
0,26,2,0,0,1,1
1,26,13,0,0,1,0
1,26,5,0,0,1,1
0,26,6,0,0,1,0
0,26,6,0,0,1,0
2,40,16,7,9,1,0
1,40,17,7,9,1,0
2,40,15,0,0,1,1
5,40,11,0,0,1,0
0,40,1,0,0,1,0
4,40,11,0,0,1,1
0,26,12,0,0,1,0
0,26,9,0,0,1,0
1,48,15,0,0,1,1
0,48,3,0,0,1,0
1,48,8,0,0,1,1
1,25,14,0,0,1,1
1,48,13,0,0,1,1
0,48,9,0,0,1,0
0,25,10,0,0,1,1
0,25,9,0,0,1,0
0,48,9,0,0,1,1
0,48,8,0,0,1,0
0,48,6,0,0,1,0
1,48,16,7,10,1,1
0,48,4,0,0,1,0
0,25,16,7,10,1,1
1,25,13,0,0,1,0
0,48,1,0,0,1,0
4,26,15,0,0,1,0
1,26,13,0,0,1,1
0,25,16,1,9,1,0
0,25,11,0,0,1,0
1,26,11,0,0,1,1
0,48,12,0,0,1,0
3,26,17,7,11,1,1
3,48,14,0,0,1,0
0,48,1,0,0,1,0
1,25,13,0,0,1,1
0,25,11,0,0,1,0
0,26,1,0,0,1,0
1,26,12,0,0,1,1
0,26,10,0,0,1,0
4,26,8,0,0,1,1
0,26,7,0,0,1,1
1,26,4,0,0,1,1
0,25,1,0,0,1,0
0,48,13,0,0,1,0
0,24,1,0,0,1,0
0,49,6,0,0,1,1
0,49,3,0,0,1,0
1,26,12,0,0,1,1
0,26,10,0,0,1,0
0,26,1,0,0,1,0
0,26,14,0,0,1,1
3,26,17,7,10,1,0
0,26,14,0,0,1,0
0,26,16,7,10,1,1
1,40,11,0,0,1,1
0,26,6,0,0,1,0
0,48,1,0,0,1,0
0,24,6,0,0,1,0
0,25,8,0,0,1,0
0,25,8,0,0,1,0
2,25,11,0,0,1,1
0,25,6,0,0,1,0
0,25,3,0,0,1,0
0,25,0,0,0,1,0
0,48,1,0,0,1,0
0,48,11,0,0,1,0
0,48,2,0,0,1,0
0,48,9,0,0,1,0
3,48,14,0,0,1,1
0,26,2,0,0,1,0
0,26,16,7,9,1,0
0,26,14,0,0,1,0
3,26,13,0,0,1,0
0,26,4,0,0,1,0
2,48,7,0,0,1,1
0,25,15,0,0,1,1
1,25,13,0,0,1,1
0,25,10,0,0,1,1
0,25,9,0,0,1,1
0,25,7,0,0,1,0
0,25,4,0,0,1,0
0,25,4,0,0,1,0
0,25,5,0,0,1,0
0,24,14,0,0,1,0
0,48,7,0,0,1,0
2,26,15,0,0,1,1
0,26,2,0,0,1,0
0,26,2,0,0,1,0
3,40,11,0,0,1,0
0,40,9,0,0,1,0
4,26,16,1,9,1,1
0,26,1,0,0,1,0
0,48,2,0,0,1,0
0,24,14,0,0,1,1
0,24,11,0,0,1,0
3,24,5,0,0,1,1
0,24,4,0,0,1,0
0,48,6,0,0,1,0
0,48,12,0,0,1,0
0,26,16,1,10,1,0
3,48,6,0,0,1,1
0,48,2,0,0,1,0
0,48,9,0,0,1,0
0,48,8,0,0,1,0
0,49,1,0,0,1,0
0,26,10,0,0,1,1
2,26,12,0,0,1,1
0,26,10,0,0,1,0
3,26,11,0,0,1,1
0,25,4,0,0,1,0
0,25,2,0,0,1,0
0,25,0,0,0,1,0
0,49,10,0,0,1,0
0,49,6,0,0,1,0
0,49,4,0,0,1,0
2,48,15,0,0,1,1
0,40,10,0,0,1,0
0,25,10,0,0,1,0
0,49,4,0,0,1,1
0,49,2,0,0,1,1
2,49,14,0,0,1,1
0,49,10,0,0,1,0
0,49,5,0,0,1,0
0,25,14,0,0,1,0
3,25,11,0,0,1,0
2,40,11,0,0,1,0
0,48,0,0,0,1,0
0,26,4,0,0,1,0
0,26,2,0,0,1,0
0,26,0,0,0,1,0
0,25,11,0,0,1,0
0,25,9,0,0,1,0
0,25,1,0,0,1,0
0,25,15,0,0,1,1
0,24,1,0,0,1,0
0,25,9,0,0,1,0
6,48,11,0,0,1,0
3,48,8,0,0,1,0
0,48,1,0,0,1,0
2,48,9,0,0,1,1
2,48,6,0,0,1,0
0,48,4,0,0,1,0
0,48,1,0,0,1,0
0,48,1,0,0,1,0
2,25,15,0,0,1,1
2,25,12,0,0,1,1
0,25,5,0,0,1,0
1,48,8,0,0,1,0
0,48,17,7,10,1,1
0,25,14,0,0,1,0
0,26,3,0,0,1,0
2,26,17,1,11,1,0
2,26,15,0,0,1,1
0,26,13,0,0,1,0
0,26,7,0,0,1,0
1,26,9,0,0,1,1
1,26,7,0,0,1,0
0,26,5,0,0,1,0
0,26,4,0,0,1,0
0,26,2,0,0,1,0
0,48,0,0,0,1,0
0,49,13,0,0,1,1
2,48,17,1,9,1,1
0,48,13,0,0,1,0
0,25,7,0,0,1,0
0,26,10,0,0,1,0
0,24,13,0,0,1,1
0,48,15,0,0,1,0
0,48,7,0,0,1,0
0,48,9,0,0,1,1
0,48,6,0,0,1,0
3,48,12,0,0,1,0
0,48,6,0,0,1,0
0,48,3,0,0,1,0
3,48,13,0,0,1,1
0,48,0,0,0,1,0
2,48,14,0,0,1,1
0,48,11,0,0,1,0
0,48,5,0,0,1,0
0,48,17,7,10,1,0
0,48,4,0,0,1,0
3,48,15,0,0,1,0
0,48,9,0,0,1,0
0,48,1,0,0,1,0
0,48,1,0,0,1,0
0,48,7,0,0,1,0
1,48,3,0,0,1,0
0,48,1,0,0,1,0
0,48,0,0,0,1,0
2,48,9,0,0,1,1
0,48,5,0,0,1,0
0,48,0,0,0,1,0
5,24,16,7,10,1,0
0,24,14,0,0,1,0
0,24,11,0,0,1,0
1,24,4,0,0,1,0
1,24,5,0,0,1,0
0,24,0,0,0,1,0
0,24,4,0,0,1,0
2,48,15,0,0,1,0
0,48,14,0,0,1,0
2,26,11,0,0,1,0
0,26,9,0,0,1,0
1,26,8,0,0,1,0
0,26,3,0,0,1,0
0,26,1,0,0,1,0
5,26,0,0,0,1,0
5,26,17,7,10,1,0
2,26,15,0,0,1,0
0,26,6,0,0,1,0
0,26,1,0,0,1,0
1,26,11,0,0,1,0
2,26,10,0,0,1,0
2,26,6,0,0,1,0
0,26,5,0,0,1,0
1,26,5,0,0,1,0
3,26,2,0,0,1,0
2,26,13,0,0,1,0
0,26,0,0,0,1,0
0,26,11,0,0,1,0
2,26,6,0,0,1,0
3,26,12,0,0,1,0
2,26,10,0,0,1,0
2,26,6,0,0,1,0
1,26,6,0,0,1,0
0,26,1,0,0,1,0
0,26,0,0,0,1,0
3,26,8,0,0,1,0
1,26,16,1,10,1,1
0,26,15,0,0,1,0
1,26,14,0,0,1,0
2,26,13,0,0,1,1
3,26,13,0,0,1,0
0,26,7,0,0,1,0
3,26,11,0,0,1,0
0,24,6,0,0,1,0
0,48,17,7,10,1,0
0,48,1,0,0,1,0
0,48,1,0,0,1,0
1,48,11,0,0,1,1
2,48,14,0,0,1,0
2,48,7,0,0,1,1
0,48,6,0,0,1,0
2,48,5,0,0,1,0
1,48,3,0,0,1,0
0,26,4,0,0,1,0
0,48,8,0,0,1,0
0,48,6,0,0,1,0
0,48,5,0,0,1,0
2,48,8,0,0,1,1
3,48,14,0,0,1,1
0,48,8,0,0,1,0
0,48,6,0,0,1,0
0,24,5,0,0,1,0
3,48,9,0,0,1,0
0,48,2,0,0,1,0
3,48,12,0,0,1,0
0,24,10,0,0,1,0
0,24,4,0,0,1,0
0,24,1,0,0,1,0
0,24,11,0,0,1,1
0,26,5,0,0,1,0
0,26,17,7,10,1,0
0,26,4,0,0,1,0
2,26,11,0,0,1,0
0,26,1,0,0,1,0
0,24,16,7,10,1,0
2,26,0,0,0,1,1
0,26,10,0,0,1,0
0,26,9,0,0,1,0
0,26,4,0,0,1,0
2,24,13,0,0,1,0
0,48,9,0,0,1,0
1,48,9,0,0,1,0
0,48,2,0,0,1,0
0,48,17,1,10,1,1
1,48,16,7,9,1,0
2,48,4,0,0,1,0
0,48,2,0,0,1,0
1,24,11,0,0,1,0
2,24,10,0,0,1,0
1,24,10,0,0,1,0
1,24,6,0,0,1,0
1,24,15,0,0,1,0
0,24,10,0,0,1,0
0,24,3,0,0,1,0
3,26,13,0,0,1,0
1,26,10,0,0,1,1
0,26,10,0,0,1,0
0,26,1,0,0,1,0
4,26,14,0,0,1,1
2,26,10,0,0,1,0
0,24,16,7,10,1,0
2,48,11,0,0,1,0
3,48,17,7,10,1,0
1,48,8,0,0,1,0
0,48,6,0,0,1,0
2,48,8,0,0,1,1
1,48,16,1,11,1,1
0,48,10,0,0,1,0
0,48,8,0,0,1,0
1,24,14,0,0,1,0
2,24,10,0,0,1,0
1,24,7,0,0,1,0
0,24,3,0,0,1,0
2,24,0,0,0,1,0
0,24,8,0,0,1,0
0,24,5,0,0,1,0
0,24,1,0,0,1,0
0,48,4,0,0,1,0
2,24,6,0,0,1,0
2,24,13,0,0,1,0
0,48,11,0,0,1,0
2,48,8,0,0,1,0
0,48,5,0,0,1,0
0,48,1,0,0,1,0
0,48,0,0,0,1,0
0,24,6,0,0,1,0
2,26,13,0,0,1,0
1,26,11,0,0,1,0
0,26,9,0,0,1,0
0,26,9,0,0,1,0
1,26,9,0,0,1,0
0,26,5,0,0,1,0
0,48,1,0,0,1,0
0,48,2,0,0,1,0
0,48,8,0,0,1,0
0,48,7,0,0,1,0
2,26,8,0,0,1,0
0,26,5,0,0,1,0
0,26,1,0,0,1,0
4,26,0,0,0,1,0
1,26,0,0,0,1,0
0,48,7,0,0,1,0
1,24,11,0,0,1,0
4,24,11,0,0,1,0
1,24,9,0,0,1,0
0,48,6,0,0,1,0
0,48,3,0,0,1,0
2,26,14,0,0,1,1
0,24,15,0,0,1,0
0,24,5,0,0,1,0
0,24,9,0,0,1,0
3,48,12,0,0,1,0
2,48,10,0,0,1,0
0,48,8,0,0,1,0
0,48,6,0,0,1,0
0,48,6,0,0,1,0
0,48,8,0,0,1,0
1,48,10,0,0,1,0
0,48,9,0,0,1,0
0,48,6,0,0,1,0
1,24,16,7,11,1,0
0,24,7,0,0,1,0
0,26,9,0,0,1,0
0,26,2,0,0,1,0
0,26,2,0,0,1,0
1,26,11,0,0,1,0
0,26,1,0,0,1,0
1,26,12,0,0,1,0
0,26,9,0,0,1,0
0,26,7,0,0,1,0
0,26,1,0,0,1,0
0,26,0,0,0,1,0
3,26,0,0,0,1,0
5,48,9,0,0,1,0
0,48,16,7,10,1,0
0,24,1,0,0,1,0
0,24,6,0,0,1,0
0,24,8,0,0,1,0
1,24,5,0,0,1,0
0,24,11,0,0,1,0
4,24,12,0,0,1,1
0,24,3,0,0,1,0
0,24,2,0,0,1,0
2,48,15,0,0,1,0
0,48,7,0,0,1,0
1,48,7,0,0,1,0
1,48,2,0,0,1,0
2,48,7,0,0,1,1
2,48,11,0,0,1,1
3,24,16,7,11,1,1
0,24,6,0,0,1,0
0,24,13,0,0,1,0
1,24,8,0,0,1,0
0,24,4,0,0,1,0
1,24,4,0,0,1,0
1,24,12,0,0,1,0
0,24,8,0,0,1,0
0,24,11,0,0,1,0
0,24,7,0,0,1,0
0,24,4,0,0,1,0
0,24,9,0,0,1,0
1,24,12,0,0,1,0
2,24,14,0,0,1,1
0,24,1,0,0,1,0
2,48,17,7,10,1,0
0,48,9,0,0,1,0
0,48,0,0,0,1,0
0,26,13,0,0,3,0
3,24,12,0,0,3,1
1,26,16,1,11,3,1
0,26,14,0,0,3,1
0,26,10,0,0,3,0
3,26,18,1,11,3,1
1,48,7,0,0,3,0
2,48,5,0,0,3,0
0,48,2,0,0,3,0
0,48,7,0,0,3,0
0,48,3,0,0,3,0
0,26,10,0,0,3,0
0,26,3,0,0,3,0
0,49,6,0,0,3,0
1,49,17,1,11,3,0
0,26,6,0,0,3,0
0,48,3,0,0,3,0
1,48,11,0,0,3,0
1,48,10,0,0,3,1
1,26,16,7,10,3,0
0,26,13,0,0,3,0
1,40,13,0,0,3,0
0,48,10,0,0,3,0
3,26,14,0,0,3,1
0,24,12,0,0,3,0
0,24,10,0,0,3,0
1,48,18,1,12,3,1
1,48,16,7,10,3,1
0,48,17,7,10,3,0
2,49,10,0,0,3,1
0,26,15,0,0,3,0
0,26,7,0,0,3,1
0,26,4,0,0,3,1
1,26,15,0,0,3,0
1,26,8,0,0,3,1
0,26,8,0,0,3,0
0,26,8,0,0,3,0
2,40,18,1,12,3,0
1,40,19,1,12,3,0
2,40,18,1,9,3,1
5,40,14,0,0,3,0
0,40,3,0,0,3,0
4,40,13,0,0,3,1
0,26,14,0,0,3,0
0,26,11,0,0,3,0
1,48,17,1,10,3,1
0,48,5,0,0,3,0
1,48,9,0,0,3,1
0,25,3,0,0,3,0
1,25,15,0,0,3,1
1,48,15,0,0,3,1
0,48,11,0,0,3,0
0,25,12,0,0,3,1
0,25,11,0,0,3,0
0,48,12,0,0,3,1
0,48,10,0,0,3,0
0,48,8,0,0,3,0
1,48,18,7,11,3,1
0,48,7,0,0,3,0
0,25,19,7,13,3,1
1,25,16,7,10,3,0
0,48,2,0,0,3,0
8,26,18,7,10,3,0
3,26,17,7,10,3,0
4,26,17,7,12,3,0
1,26,15,0,0,3,1
0,25,18,1,11,3,0
0,25,13,0,0,3,0
1,26,14,0,0,3,1
0,48,14,0,0,3,0
3,26,18,1,12,3,1
3,48,16,7,11,3,0
0,48,2,0,0,3,0
1,25,15,0,0,3,1
0,25,13,0,0,3,0
0,26,2,0,0,3,0
1,26,14,0,0,3,1
0,26,12,0,0,3,0
4,26,10,0,0,3,1
0,26,10,0,0,3,1
1,26,6,0,0,3,1
0,25,3,0,0,3,0
0,48,15,0,0,3,0
0,49,8,0,0,3,1
0,49,5,0,0,3,0
1,26,14,0,0,3,1
0,26,12,0,0,3,0
0,26,2,0,0,3,0
0,26,16,7,10,3,1
3,26,19,1,12,3,0
0,26,16,7,1,3,0
0,26,18,7,12,3,1
1,40,13,0,0,3,1
0,26,8,0,0,3,0
0,48,3,0,0,3,0
0,24,8,0,0,3,0
0,25,10,0,0,3,0
0,25,10,0,0,3,0
2,25,12,0,0,3,1
0,25,7,0,0,3,0
0,25,5,0,0,3,0
0,25,1,0,0,3,0
0,48,3,0,0,3,0
0,48,12,0,0,3,0
0,48,4,0,0,3,0
0,48,11,0,0,3,0
3,48,17,7,10,3,1
0,26,3,0,0,3,0
0,26,18,7,11,3,0
0,26,16,7,9,3,0
3,26,15,0,0,3,0
0,26,6,0,0,3,0
2,48,9,0,0,3,1
0,25,17,7,10,3,1
1,25,15,0,0,3,1
0,25,12,0,0,3,1
0,25,12,0,0,3,1
0,25,9,0,0,3,0
0,25,7,0,0,3,0
0,25,6,0,0,3,0
0,25,7,0,0,3,0
0,24,16,7,10,3,0
0,48,9,0,0,3,0
2,26,18,7,9,3,1
3,40,13,0,0,3,0
0,40,11,0,0,3,0
4,26,18,1,10,3,1
0,26,3,0,0,3,0
0,48,3,0,0,3,0
0,24,16,7,11,3,1
0,24,13,0,0,3,0
0,40,8,0,0,3,1
3,24,7,0,0,3,1
0,24,6,0,0,3,0
0,48,8,0,0,3,0
0,48,14,0,0,3,0
0,26,18,1,13,3,0
3,48,8,0,0,3,1
0,48,4,0,0,3,0
0,48,11,0,0,3,0
0,48,10,0,0,3,0
0,49,2,0,0,3,0
0,26,12,0,0,3,1
2,26,14,0,0,3,1
0,26,12,0,0,3,0
3,26,13,0,0,3,1
0,25,6,0,0,3,0
0,25,4,0,0,3,0
0,25,1,0,0,3,0
0,49,12,0,0,3,0
0,49,8,0,0,3,0
0,49,6,0,0,3,0
2,48,17,7,10,3,1
0,40,12,0,0,3,0
0,25,13,0,0,3,0
0,49,6,0,0,3,1
0,49,4,0,0,3,1
2,49,16,7,10,3,1
0,49,12,0,0,3,0
0,49,7,0,0,3,0
0,25,17,1,11,3,0
2,40,13,0,0,3,0
0,48,1,0,0,3,0
0,25,13,0,0,3,0
0,25,11,0,0,3,0
0,25,2,0,0,3,0
0,25,17,3,11,3,1
0,24,3,0,0,3,0
0,25,11,0,0,3,0
6,48,12,0,0,3,0
2,48,11,0,0,3,1
2,48,8,0,0,3,0
0,48,6,0,0,3,0
0,48,2,0,0,3,0
0,48,1,0,0,3,0
2,25,17,7,12,3,1
2,25,14,0,0,3,1
0,25,7,0,0,3,0
1,48,10,0,0,3,0
0,48,18,7,12,3,1
0,25,16,7,9,3,0
0,26,5,0,0,3,0
2,26,19,7,12,3,0
2,26,17,1,11,3,1
0,26,15,0,0,3,0
0,26,9,0,0,3,0
1,26,11,0,0,3,1
1,26,9,0,0,3,0
0,26,7,0,0,3,0
0,26,6,0,0,3,0
0,26,4,0,0,3,0
0,26,1,0,0,3,0
0,49,15,0,0,3,1
2,48,19,1,12,3,1
0,48,15,0,0,3,0
0,25,10,0,0,3,0
0,26,13,0,0,3,0
0,24,15,0,0,3,1
0,48,17,7,10,3,0
0,48,9,0,0,3,0
0,48,11,0,0,3,1
0,48,8,0,0,3,0
3,48,14,0,0,3,0
0,48,8,0,0,3,0
0,48,5,0,0,3,0
3,24,15,0,0,3,1
0,48,1,0,0,3,0
2,48,16,1,11,3,1
0,48,13,0,0,3,0
0,48,7,0,0,3,0
0,48,19,5,10,3,0
0,48,6,0,0,3,0
3,48,18,7,10,3,0
0,48,11,0,0,3,0
0,48,1,0,0,3,0
0,48,3,0,0,3,0
0,48,10,0,0,3,0
1,48,5,0,0,3,0
0,48,2,0,0,3,0
0,24,15,0,0,3,0
0,48,1,0,0,3,0
2,48,11,0,0,3,1
0,48,7,0,0,3,0
0,48,1,0,0,3,0
5,24,18,6,11,3,0
0,24,16,7,8,3,0
0,24,13,0,0,3,0
1,24,9,0,0,3,0
1,24,7,0,0,3,0
0,24,1,0,0,3,0
0,24,6,0,0,3,0
2,48,17,6,10,3,0
0,48,16,7,9,3,0
2,26,13,0,0,3,0
0,26,11,0,0,3,0
1,26,10,0,0,3,0
0,26,5,0,0,3,0
0,26,3,0,0,3,0
5,26,0,0,0,3,0
5,26,18,7,11,3,0
2,26,17,7,11,3,0
0,26,7,0,0,3,0
0,26,3,0,0,3,0
1,26,13,0,0,3,0
2,26,12,0,0,3,0
2,26,8,0,0,3,0
0,26,7,0,0,3,0
1,26,7,0,0,3,0
3,26,4,0,0,3,0
2,26,15,0,0,3,0
0,26,0,0,0,3,0
0,26,13,0,0,3,0
2,26,9,0,0,3,0
2,26,8,0,0,3,0
1,26,8,0,0,3,0
0,26,1,0,0,3,0
3,26,10,0,0,3,0
1,26,18,7,12,3,1
0,26,17,7,11,3,0
1,26,16,7,9,3,0
2,26,15,0,0,3,1
3,26,15,0,0,3,0
0,26,9,0,0,3,0
3,26,13,0,0,3,0
0,24,8,0,0,3,0
0,48,19,7,11,3,0
0,48,3,0,0,3,0
0,48,2,0,0,3,0
1,48,13,0,0,3,1
2,48,15,0,0,3,0
2,48,9,0,0,3,1
0,48,7,0,0,3,0
2,48,6,0,0,3,0
1,48,5,0,0,3,0
2,24,11,0,0,3,1
0,26,5,0,0,3,0
0,48,10,0,0,3,0
0,48,8,0,0,3,0
0,48,7,0,0,3,0
2,48,10,0,0,3,1
3,48,16,7,10,3,1
0,48,10,0,0,3,0
0,48,8,0,0,3,0
0,24,7,0,0,3,0
3,48,11,0,0,3,0
0,48,4,0,0,3,0
3,48,14,0,0,3,0
0,24,12,0,0,3,0
0,24,6,0,0,3,0
0,24,2,0,0,3,0
0,24,13,0,0,3,1
0,26,7,0,0,3,0
1,26,8,0,0,3,0
0,26,9,0,0,3,0
0,26,19,7,13,3,0
0,26,6,0,0,3,0
2,26,13,0,0,3,0
0,26,3,0,0,3,0
0,24,18,7,12,3,0
2,26,0,0,0,3,1
0,26,12,0,0,3,0
0,26,11,0,0,3,0
0,26,6,0,0,3,0
2,24,16,7,8,3,0
0,48,11,0,0,3,0
1,48,11,0,0,3,0
0,48,4,0,0,3,0
0,48,19,8,12,3,1
1,48,18,1,12,3,0
2,48,7,0,0,3,0
0,48,5,0,0,3,0
1,24,12,0,0,3,0
1,24,8,0,0,3,0
1,24,17,1,11,3,0
0,24,12,0,0,3,0
0,24,5,0,0,3,0
0,24,3,0,0,3,0
3,26,15,0,0,3,0
1,26,12,0,0,3,1
0,26,12,0,0,3,0
0,26,2,0,0,3,0
4,26,16,7,9,3,1
2,26,11,0,0,3,0
0,24,18,1,11,3,0
1,48,13,0,0,3,0
2,48,12,0,0,3,0
1,48,10,0,0,3,0
0,48,8,0,0,3,0
2,48,10,0,0,3,1
1,48,18,1,12,3,1
0,48,12,0,0,3,0
0,48,10,0,0,3,0
1,24,16,3,9,3,0
2,24,12,0,0,3,0
1,24,9,0,0,3,0
0,24,4,0,0,3,0
2,24,0,0,0,3,0
0,24,10,0,0,3,0
0,24,6,0,0,3,0
0,24,3,0,0,3,0
0,48,5,0,0,3,0
2,24,8,0,0,3,0
2,24,15,0,0,3,0
0,48,13,0,0,3,0
2,48,10,0,0,3,0
0,48,7,0,0,3,0
0,48,3,0,0,3,0
0,48,0,0,0,3,0
0,24,8,0,0,3,0
2,26,16,7,9,3,0
1,26,13,0,0,3,0
0,26,11,0,0,3,0
0,26,12,0,0,3,0
1,26,11,0,0,3,0
0,26,8,0,0,3,0
0,48,2,0,0,3,0
0,48,4,0,0,3,0
0,48,10,0,0,3,0
0,48,9,0,0,3,0
0,26,6,0,0,3,0
0,26,3,0,0,3,0
4,26,0,0,0,3,0
1,26,0,0,0,3,0
0,48,9,0,0,3,0
1,24,13,0,0,3,0
4,24,12,0,0,3,0
1,24,11,0,0,3,0
0,48,8,0,0,3,0
0,48,5,0,0,3,0
2,26,16,7,10,3,1
0,24,17,8,12,3,0
0,24,7,0,0,3,0
0,24,11,0,0,3,0
3,48,14,0,0,3,0
2,48,12,0,0,3,0
0,48,10,0,0,3,0
0,48,8,0,0,3,0
0,48,8,0,0,3,0
0,48,10,0,0,3,0
1,48,12,0,0,3,0
0,48,11,0,0,3,0
0,48,8,0,0,3,0
1,24,18,7,12,3,0
0,24,9,0,0,3,0
0,26,11,0,0,3,0
0,26,4,0,0,3,0
0,26,4,0,0,3,0
1,26,14,0,0,3,0
0,26,3,0,0,3,0
1,26,14,0,0,3,0
0,26,11,0,0,3,0
0,26,9,0,0,3,0
0,26,2,0,0,3,0
0,26,1,0,0,3,0
5,48,11,0,0,3,0
0,48,18,1,11,3,0
0,24,2,0,0,3,0
0,24,8,0,0,3,0
0,24,13,0,0,3,0
4,24,14,0,0,3,1
0,24,5,0,0,3,0
1,24,10,0,0,3,0
0,24,4,0,0,3,0
2,48,17,7,11,3,0
0,48,9,0,0,3,0
1,48,9,0,0,3,0
1,48,4,0,0,3,0
2,48,9,0,0,3,1
2,48,13,0,0,3,1
3,24,18,7,12,3,1
0,24,7,0,0,3,0
0,24,14,0,0,3,0
1,24,10,0,0,3,0
0,24,6,0,0,3,0
1,24,6,0,0,3,0
0,24,13,0,0,3,0
0,24,9,0,0,3,0
0,24,6,0,0,3,0
0,24,10,0,0,3,0
1,24,14,0,0,3,0
2,24,16,7,9,3,1
0,24,3,0,0,3,0
2,48,18,7,11,3,0
0,48,11,0,0,3,0
0,48,0,0,0,3,0
0,26,14,0,0,5,0
0,26,17,1,11,5,0
3,24,14,0,0,5,1
1,26,18,7,12,5,1
0,26,15,0,0,5,1
0,26,12,0,0,5,0
3,26,21,0,0,5,1
1,48,9,0,0,5,0
2,48,7,0,0,5,0
0,48,4,0,0,5,0
0,48,9,0,0,5,0
0,48,5,0,0,5,0
0,26,12,0,0,5,0
0,26,5,0,0,5,0
1,49,18,0,0,5,0
0,26,8,0,0,5,0
0,48,5,0,0,5,0
1,48,13,0,0,5,0
1,48,12,0,0,5,1
1,26,18,1,11,5,0
0,26,15,0,0,5,0
1,40,16,1,10,5,0
0,48,12,0,0,5,0
3,26,16,7,9,5,1
1,48,20,1,12,5,1
1,48,18,7,13,5,1
0,48,19,7,12,5,0
2,49,12,0,0,5,1
0,26,16,7,10,5,0
0,26,9,0,0,5,1
0,26,6,0,0,5,1
1,26,17,7,10,5,0
1,26,10,0,0,5,1
0,26,10,0,0,5,0
0,26,10,0,0,5,0
2,40,20,1,12,5,0
1,40,20,1,12,5,0
5,40,15,0,0,5,0
0,40,5,0,0,5,0
4,40,15,0,0,5,1
0,26,16,7,9,5,0
0,26,13,0,0,5,0
1,48,19,1,12,5,1
0,48,7,0,0,5,0
1,48,11,0,0,5,1
1,25,17,7,11,5,1
0,25,14,0,0,5,1
0,25,13,0,0,5,0
0,48,13,0,0,5,1
0,48,12,0,0,5,0
0,48,10,0,0,5,0
1,48,20,7,13,5,1
0,48,8,0,0,5,0
0,25,20,7,14,5,1
1,25,17,7,11,5,0
0,48,4,0,0,5,0
4,26,19,5,12,5,0
1,26,17,7,10,5,1
0,25,20,1,13,5,0
0,25,15,0,0,5,0
1,26,15,0,0,5,1
0,48,16,7,9,5,0
3,26,20,0,0,5,1
3,48,18,3,12,5,0
0,48,4,0,0,5,0
1,25,17,0,0,5,1
0,25,15,0,0,5,0
0,26,4,0,0,5,0
1,26,16,3,10,5,1
0,26,14,0,0,5,0
4,26,12,0,0,5,1
0,26,12,0,0,5,1
1,26,9,0,0,5,1
0,25,4,0,0,5,0
0,48,16,1,10,5,0
0,49,10,0,0,5,1
0,49,7,0,0,5,0
1,26,16,7,11,5,1
0,26,14,0,0,5,0
0,26,4,0,0,5,0
0,26,18,7,12,5,1
3,26,21,1,11,5,0
0,26,19,7,13,5,1
1,40,15,0,0,5,1
0,26,12,0,0,5,0
0,26,10,0,0,5,0
0,26,9,0,0,5,0
0,48,5,0,0,5,0
1,26,11,0,0,5,0
0,24,10,0,0,5,0
0,25,12,0,0,5,0
0,25,12,0,0,5,0
2,25,14,0,0,5,1
0,25,9,0,0,5,0
0,25,7,0,0,5,0
0,25,3,0,0,5,0
0,48,4,0,0,5,0
0,48,15,0,0,5,0
0,48,6,0,0,5,0
0,48,13,0,0,5,0
3,48,19,1,13,5,1
0,26,5,0,0,5,0
0,26,20,0,0,5,0
0,26,18,1,15,5,0
2,48,11,0,0,5,1
0,48,20,7,14,5,0
0,25,19,7,12,5,1
1,25,17,1,11,5,1
0,25,14,0,0,5,1
0,25,13,0,0,5,1
0,25,11,0,0,5,0
0,25,8,0,0,5,0
0,25,8,0,0,5,0
0,25,9,0,0,5,0
0,24,18,0,0,5,0
0,48,11,0,0,5,0
2,26,20,7,10,5,1
0,26,6,0,0,5,0
0,26,6,0,0,5,0
3,40,15,0,0,5,0
0,40,13,0,0,5,0
4,26,20,6,9,5,1
0,26,5,0,0,5,0
0,48,5,0,0,5,0
0,24,18,1,12,5,1
0,24,15,0,0,5,0
0,40,10,0,0,5,1
3,24,9,0,0,5,1
0,24,8,0,0,5,0
0,48,10,0,0,5,0
0,48,16,7,8,5,0
0,26,20,0,0,5,0
0,24,4,0,0,5,0
3,48,10,0,0,5,1
0,48,6,0,0,5,0
0,48,13,0,0,5,0
0,48,12,0,0,5,0
0,49,4,0,0,5,0
0,48,9,0,0,5,0
0,26,14,0,0,5,1
2,26,16,1,10,5,1
0,26,14,0,0,5,0
3,26,16,3,9,5,1
0,25,8,0,0,5,0
0,25,6,0,0,5,0
0,25,3,0,0,5,0
0,49,14,0,0,5,0
0,49,9,0,0,5,0
0,49,8,0,0,5,0
2,48,19,7,13,5,1
0,40,14,0,0,5,0
0,25,14,0,0,5,0
0,49,8,0,0,5,1
0,49,5,0,0,5,1
2,49,18,1,12,5,1
0,49,14,0,0,5,0
0,49,9,0,0,5,0
0,25,18,3,13,5,0
3,25,15,0,0,5,0
2,40,15,0,0,5,0
0,48,3,0,0,5,0
0,25,15,0,0,5,0
0,25,13,0,0,5,0
0,25,4,0,0,5,0
0,25,20,1,14,5,1
0,24,5,0,0,5,0
0,25,13,0,0,5,0
6,48,15,0,0,5,0
3,48,11,0,0,5,0
0,48,5,0,0,5,0
2,48,13,0,0,5,1
2,48,10,0,0,5,0
0,48,7,0,0,5,0
0,48,4,0,0,5,0
0,48,3,0,0,5,0
2,25,19,7,13,5,1
2,25,16,7,9,5,1
0,25,9,0,0,5,0
1,48,12,0,0,5,0
0,48,20,0,0,5,1
0,25,18,7,12,5,0
0,26,7,0,0,5,0
2,26,21,0,0,5,0
2,26,19,3,12,5,1
0,26,17,7,11,5,0
0,26,11,0,0,5,0
1,26,13,0,0,5,1
1,26,11,0,0,5,0
0,26,9,0,0,5,0
0,26,8,0,0,5,0
0,26,6,0,0,5,0
0,26,3,0,0,5,0
0,49,17,1,10,5,1
2,48,21,1,14,5,1
0,48,17,1,10,5,0
0,25,11,0,0,5,0
0,26,14,0,0,5,0
0,24,17,1,11,5,1
0,48,19,7,12,5,0
0,48,11,0,0,5,0
0,48,12,0,0,5,1
0,48,10,0,0,5,0
3,48,15,0,0,5,0
0,48,10,0,0,5,0
0,48,7,0,0,5,0
1,49,12,0,0,5,0
1,49,11,0,0,5,0
3,48,17,7,10,5,1
0,48,3,0,0,5,0
2,48,18,1,12,5,1
0,48,15,0,0,5,0
0,48,9,0,0,5,0
0,48,21,5,12,5,0
0,48,8,0,0,5,0
3,48,19,7,13,5,0
0,48,13,0,0,5,0
0,48,4,0,0,5,0
0,48,5,0,0,5,0
0,48,11,0,0,5,0
1,48,7,0,0,5,0
0,48,4,0,0,5,0
0,24,17,1,11,5,0
0,48,3,0,0,5,0
2,48,12,0,0,5,1
0,48,9,0,0,5,0
0,48,3,0,0,5,0
5,24,20,3,11,5,0
0,24,17,7,10,5,0
0,24,14,0,0,5,0
1,24,11,0,0,5,0
1,24,9,0,0,5,0
0,24,3,0,0,5,0
0,24,7,0,0,5,0
2,48,19,7,10,5,0
0,48,18,1,12,5,0
2,26,14,0,0,5,0
0,26,12,0,0,5,0
1,26,11,0,0,5,0
0,26,7,0,0,5,0
0,26,4,0,0,5,0
5,26,0,0,0,5,0
5,26,20,3,10,5,0
2,26,19,8,14,5,0
0,26,9,0,0,5,0
0,26,5,0,0,5,0
1,26,15,0,0,5,0
2,26,14,0,0,5,0
2,26,10,0,0,5,0
0,26,9,0,0,5,0
1,26,9,0,0,5,0
3,26,5,0,0,5,0
2,26,17,7,11,5,0
0,26,0,0,0,5,0
0,26,15,0,0,5,0
2,26,10,0,0,5,0
3,26,15,0,0,5,0
2,26,14,0,0,5,0
2,26,10,0,0,5,0
1,26,10,0,0,5,0
0,26,4,0,0,5,0
0,26,3,0,0,5,0
3,26,12,0,0,5,0
1,26,20,0,0,5,1
0,26,19,0,0,5,0
1,26,18,1,11,5,0
2,26,17,7,10,5,1
3,26,17,7,11,5,0
0,26,11,0,0,5,0
3,26,15,0,0,5,0
0,24,10,0,0,5,0
0,48,20,3,12,5,0
0,48,5,0,0,5,0
0,48,4,0,0,5,0
1,48,15,0,0,5,1
2,48,18,8,12,5,0
2,48,11,0,0,5,1
0,48,10,0,0,5,0
2,48,9,0,0,5,0
1,48,8,0,0,5,0
0,26,7,0,0,5,0
0,48,12,0,0,5,0
0,48,10,0,0,5,0
0,48,9,0,0,5,0
2,48,12,0,0,5,1
3,48,17,0,0,5,1
0,48,12,0,0,5,0
0,48,10,0,0,5,0
0,24,9,0,0,5,0
3,48,14,0,0,5,0
0,48,6,0,0,5,0
3,48,17,7,11,5,0
0,24,14,0,0,5,0
0,24,8,0,0,5,0
0,24,4,0,0,5,0
0,24,15,0,0,5,1
0,26,9,0,0,5,0
1,26,10,0,0,5,0
0,26,12,0,0,5,0
0,26,21,7,14,5,0
2,26,14,0,0,5,0
0,26,5,0,0,5,0
0,24,19,1,13,5,0
2,26,0,0,0,5,1
0,26,14,0,0,5,0
0,26,13,0,0,5,0
0,26,8,0,0,5,0
0,48,13,0,0,5,0
1,48,13,0,0,5,0
0,48,5,0,0,5,0
1,48,20,1,12,5,0
2,48,8,0,0,5,0
0,48,7,0,0,5,0
1,24,15,0,0,5,0
2,24,14,0,0,5,0
1,24,14,0,0,5,0
1,24,10,0,0,5,0
1,24,19,1,12,5,0
0,24,14,0,0,5,0
0,24,7,0,0,5,0
3,26,17,1,10,5,0
1,26,14,0,0,5,1
0,26,14,0,0,5,0
0,26,4,0,0,5,0
4,26,18,3,10,5,1
2,26,13,0,0,5,0
0,24,20,1,12,5,0
1,48,15,0,0,5,0
2,48,14,0,0,5,0
3,48,21,1,10,5,0
1,48,12,0,0,5,0
0,48,10,0,0,5,0
2,48,12,0,0,5,1
1,48,20,0,0,5,1
0,48,14,0,0,5,0
0,48,12,0,0,5,0
1,24,18,3,12,5,0
2,24,14,0,0,5,0
1,24,11,0,0,5,0
0,24,7,0,0,5,0
2,24,0,0,0,5,0
0,24,12,0,0,5,0
0,24,9,0,0,5,0
0,24,5,0,0,5,0
0,48,7,0,0,5,0
2,24,10,0,0,5,0
2,24,17,7,10,5,0
0,48,15,0,0,5,0
2,48,11,0,0,5,0
0,48,9,0,0,5,0
0,48,5,0,0,5,0
0,24,10,0,0,5,0
2,26,18,0,0,5,0
1,26,15,0,0,5,0
0,26,13,0,0,5,0
0,26,13,0,0,5,0
1,26,13,0,0,5,0
0,26,9,0,0,5,0
0,48,5,0,0,5,0
0,48,6,0,0,5,0
0,48,12,0,0,5,0
0,48,11,0,0,5,0
2,26,12,0,0,5,0
0,26,8,0,0,5,0
0,26,5,0,0,5,0
4,26,0,0,0,5,0
1,26,0,0,0,5,0
0,48,11,0,0,5,0
1,24,15,0,0,5,0
4,24,15,0,0,5,0
1,24,13,0,0,5,0
0,48,10,0,0,5,0
0,48,7,0,0,5,0
2,26,18,1,12,5,1
0,48,19,1,14,5,0
0,24,19,1,12,5,0
0,24,10,0,0,5,0
0,24,13,0,0,5,0
3,48,16,3,9,5,0
2,48,14,0,0,5,0
0,48,12,0,0,5,0
0,48,10,0,0,5,0
0,48,10,0,0,5,0
0,48,12,0,0,5,0
1,48,14,0,0,5,0
0,48,13,0,0,5,0
0,48,10,0,0,5,0
1,24,20,0,0,5,0
0,24,11,0,0,5,0
0,26,13,0,0,5,0
0,26,6,0,0,5,0
0,26,6,0,0,5,0
1,26,15,0,0,5,0
0,26,4,0,0,5,0
1,26,16,7,9,5,0
0,26,13,0,0,5,0
0,26,11,0,0,5,0
0,26,4,0,0,5,0
0,26,3,0,0,5,0
3,26,0,0,0,5,0
5,48,13,0,0,5,0
0,48,20,1,14,5,0
0,24,4,0,0,5,0
0,24,10,0,0,5,0
0,24,15,0,0,5,0
4,24,16,7,11,5,1
0,24,7,0,0,5,0
2,24,16,7,10,5,0
1,24,12,0,0,5,0
1,24,12,0,0,5,0
0,24,6,0,0,5,0
2,48,20,2,12,5,0
0,48,11,0,0,5,0
1,48,11,0,0,5,0
1,48,6,0,0,5,0
2,48,12,0,0,5,1
2,48,15,0,0,5,1
3,24,20,7,14,5,1
0,24,9,0,0,5,0
0,24,17,1,11,5,0
1,24,12,0,0,5,0
0,24,8,0,0,5,0
1,24,8,0,0,5,0
0,24,12,0,0,5,0
0,24,15,0,0,5,0
0,24,15,0,0,5,0
0,24,11,0,0,5,0
0,24,8,0,0,5,0
0,24,12,0,0,5,0
1,24,17,1,11,5,0
2,24,18,7,12,5,1
0,24,5,0,0,5,0
2,48,20,3,12,5,0
0,48,0,0,0,5,0
2,48,21,1,13,7,1
0,26,16,1,10,7,0
0,26,19,1,13,7,0
3,24,16,7,10,7,1
1,26,20,1,15,7,1
0,26,18,1,11,7,1
0,26,14,0,0,7,0
3,26,22,0,0,7,1
1,48,11,0,0,7,0
2,48,9,0,0,7,0
0,48,6,0,0,7,0
0,48,11,0,0,7,0
0,48,7,0,0,7,0
0,26,14,0,0,7,0
0,26,7,0,0,7,0
0,49,10,0,0,7,0
1,49,20,1,12,7,0
0,26,10,0,0,7,0
0,48,7,0,0,7,0
1,48,15,0,0,7,0
1,48,14,0,0,7,1
1,26,20,1,14,7,0
0,26,17,7,11,7,0
1,40,18,3,12,7,0
0,48,14,0,0,7,0
3,26,20,1,12,7,1
3,26,18,1,11,7,1
1,48,22,1,13,7,1
1,48,20,3,14,7,1
0,48,21,0,0,7,0
2,49,14,0,0,7,1
0,26,18,1,12,7,0
0,26,11,0,0,7,1
0,26,8,0,0,7,1
1,26,19,6,12,7,0
1,26,12,0,0,7,1
0,26,12,0,0,7,0
0,26,12,0,0,7,0
2,40,22,1,12,7,0
1,40,22,1,12,7,0
5,40,17,8,9,7,0
0,40,7,0,0,7,0
4,40,17,7,10,7,1
0,26,18,1,12,7,0
0,26,15,0,0,7,0
1,48,21,1,12,7,1
0,48,9,0,0,7,0
1,48,13,0,0,7,1
1,25,19,1,13,7,1
0,25,11,0,0,7,0
0,25,10,0,0,7,0
0,25,8,0,0,7,0
0,25,16,7,10,7,1
0,25,15,0,0,7,0
0,48,13,0,0,7,0
0,48,15,0,0,7,1
0,48,14,0,0,7,0
0,48,12,0,0,7,0
1,48,22,0,0,7,1
0,48,10,0,0,7,0
1,25,19,0,0,7,0
0,48,6,0,0,7,0
4,26,21,3,12,7,0
1,26,18,1,12,7,1
0,25,22,1,16,7,0
0,25,17,7,11,7,0
1,26,17,1,12,7,1
0,48,18,7,11,7,0
3,26,22,0,0,7,1
3,48,20,7,12,7,0
0,48,6,0,0,7,0
1,25,19,0,0,7,1
0,25,17,7,12,7,0
0,26,6,0,0,7,0
1,26,18,1,13,7,1
0,26,16,7,10,7,0
4,26,14,0,0,7,1
0,26,14,0,0,7,1
1,26,11,0,0,7,1
0,25,6,0,0,7,0
0,48,18,1,12,7,0
0,49,12,0,0,7,1
0,49,9,0,0,7,0
1,26,18,7,12,7,1
0,26,15,0,0,7,0
0,26,6,0,0,7,0
0,26,20,0,0,7,1
0,26,21,1,15,7,1
1,40,17,7,10,7,1
0,26,14,0,0,7,0
0,26,12,0,0,7,0
0,26,11,0,0,7,0
0,48,8,0,0,7,0
0,49,18,1,12,7,0
0,49,16,1,10,7,0
0,24,12,0,0,7,0
0,25,14,0,0,7,0
0,25,14,0,0,7,0
2,25,16,1,11,7,1
0,25,11,0,0,7,0
0,25,9,0,0,7,0
0,25,5,0,0,7,0
0,48,7,0,0,7,0
0,48,17,7,11,7,0
0,48,8,0,0,7,0
0,48,15,0,0,7,0
3,48,21,1,14,7,1
0,26,7,0,0,7,0
0,26,20,1,13,7,0
3,26,19,1,12,7,0
0,26,10,0,0,7,0
2,48,13,0,0,7,1
0,25,21,0,0,7,1
1,25,19,7,13,7,1
0,25,16,7,10,7,1
0,25,15,0,0,7,1
0,25,13,0,0,7,0
0,25,10,0,0,7,0
0,25,10,0,0,7,0
0,25,11,0,0,7,0
0,24,20,0,0,7,0
0,48,14,0,0,7,0
2,26,22,7,14,7,1
0,26,8,0,0,7,0
0,26,8,0,0,7,0
3,40,17,7,11,7,0
0,40,15,0,0,7,0
4,26,22,6,9,7,1
0,26,7,0,0,7,0
0,48,7,0,0,7,0
0,24,20,1,14,7,1
0,24,17,7,10,7,0
0,40,12,0,0,7,1
0,48,5,0,0,7,0
3,24,11,0,0,7,1
0,24,10,0,0,7,0
0,48,12,0,0,7,0
0,48,18,1,11,7,0
3,48,12,0,0,7,1
0,48,8,0,0,7,0
0,48,15,0,0,7,0
0,48,14,0,0,7,0
0,49,6,0,0,7,0
0,48,11,0,0,7,0
0,26,16,7,10,7,1
2,26,18,1,12,7,1
0,26,16,7,9,7,0
3,26,17,1,10,7,1
0,25,10,0,0,7,0
0,25,8,0,0,7,0
0,25,5,0,0,7,0
0,49,16,1,9,7,0
0,49,12,0,0,7,0
0,49,10,0,0,7,0
2,48,21,0,0,7,1
0,40,16,1,10,7,0
1,40,15,0,0,7,0
0,40,13,0,0,7,0
0,40,8,0,0,7,0
0,25,16,7,10,7,0
0,49,10,0,0,7,1
0,49,7,0,0,7,1
2,49,20,1,12,7,1
0,49,16,7,10,7,0
0,49,11,0,0,7,0
0,25,21,0,0,7,0
3,25,17,7,10,7,0
2,40,18,0,0,7,0
0,25,17,1,11,7,0
0,25,16,7,10,7,0
0,25,7,0,0,7,0
0,25,22,1,16,7,1
0,24,7,0,0,7,0
0,25,15,0,0,7,0
6,48,17,1,9,7,0
3,48,13,0,0,7,0
0,48,6,0,0,7,0
2,48,15,0,0,7,1
2,48,12,0,0,7,0
0,48,10,0,0,7,0
0,48,7,0,0,7,0
0,48,6,0,0,7,0
2,25,21,1,14,7,1
2,25,18,1,11,7,1
0,25,11,0,0,7,0
1,48,14,0,0,7,0
0,48,23,1,17,7,1
0,40,8,0,0,7,0
0,25,20,0,0,7,0
0,26,9,0,0,7,0
2,26,23,1,16,7,0
2,26,21,1,12,7,1
0,26,19,1,12,7,0
0,26,12,0,0,7,0
1,26,15,0,0,7,1
1,26,13,0,0,7,0
0,26,12,0,0,7,0
0,26,10,0,0,7,0
0,26,5,0,0,7,0
0,49,19,3,14,7,1
2,48,23,1,14,7,1
0,48,19,1,13,7,0
0,25,14,0,0,7,0
0,26,17,7,11,7,0
0,24,19,1,14,7,1
0,48,21,0,0,7,0
0,48,13,0,0,7,0
0,48,14,0,0,7,1
0,48,12,0,0,7,0
3,48,17,7,11,7,0
0,48,12,0,0,7,0
0,48,9,0,0,7,0
1,49,14,0,0,7,0
1,49,12,0,0,7,0
3,48,19,1,13,7,1
0,48,5,0,0,7,0
2,48,20,0,0,7,1
0,48,17,7,10,7,0
0,48,11,0,0,7,0
0,48,23,5,10,7,0
0,48,10,0,0,7,0
3,48,21,1,16,7,0
0,48,15,0,0,7,0
0,48,6,0,0,7,0
0,48,7,0,0,7,0
0,48,13,0,0,7,0
0,24,19,1,12,7,0
0,48,5,0,0,7,0
2,48,14,0,0,7,1
0,48,11,0,0,7,0
0,48,5,0,0,7,0
5,24,22,1,11,7,0
0,24,20,3,12,7,0
0,24,16,3,10,7,0
1,24,13,0,0,7,0
1,24,11,0,0,7,0
0,24,5,0,0,7,0
0,24,9,0,0,7,0
2,48,21,1,12,7,0
0,48,20,7,12,7,0
2,26,16,1,10,7,0
0,26,14,0,0,7,0
1,26,13,0,0,7,0
0,26,9,0,0,7,0
0,26,6,0,0,7,0
5,26,0,0,0,7,0
5,26,23,3,11,7,0
2,26,21,8,14,7,0
0,26,11,0,0,7,0
0,26,7,0,0,7,0
1,26,17,7,11,7,0
2,26,16,7,10,7,0
2,26,12,0,0,7,0
0,26,11,0,0,7,0
1,26,11,0,0,7,0
3,26,7,0,0,7,0
2,26,19,6,12,7,0
0,26,0,0,0,7,0
0,26,17,7,10,7,0
2,26,13,0,0,7,0
3,26,18,3,11,7,0
2,26,16,7,11,7,0
2,26,12,0,0,7,0
1,26,12,0,0,7,0
0,26,6,0,0,7,0
0,26,6,0,0,7,0
3,26,14,0,0,7,0
1,26,22,0,0,7,1
0,26,21,0,0,7,0
1,26,20,1,12,7,0
2,26,19,7,12,7,1
3,26,19,8,11,7,0
0,26,13,0,0,7,0
3,26,17,7,11,7,0
0,24,11,0,0,7,0
0,48,22,3,12,7,0
0,48,7,0,0,7,0
0,48,6,0,0,7,0
1,48,17,7,10,7,1
2,48,20,2,13,7,0
2,48,13,0,0,7,1
0,48,12,0,0,7,0
2,48,11,0,0,7,0
1,48,9,0,0,7,0
0,26,9,0,0,7,0
0,48,14,0,0,7,0
0,48,12,0,0,7,0
0,48,11,0,0,7,0
2,48,14,0,0,7,1
3,48,20,3,12,7,1
0,48,14,0,0,7,0
0,48,12,0,0,7,0
0,24,12,0,0,7,0
3,48,15,0,0,7,0
0,48,8,0,0,7,0
3,48,18,1,12,7,0
0,24,16,3,11,7,0
0,24,10,0,0,7,0
0,24,5,0,0,7,0
0,24,17,1,11,7,1
0,26,11,0,0,7,0
0,26,23,0,0,7,0
2,26,16,3,9,7,0
0,26,6,0,0,7,0
0,24,22,1,16,7,0
2,26,0,0,0,7,1
0,26,17,7,11,7,0
0,26,15,0,0,7,0
0,26,10,0,0,7,0
2,24,19,3,9,7,0
0,48,15,0,0,7,0
1,48,15,0,0,7,0
0,48,7,0,0,7,0
1,48,22,1,12,7,0
2,48,10,0,0,7,0
0,48,9,0,0,7,0
1,24,16,6,7,7,0
2,24,15,0,0,7,0
1,24,16,7,11,7,0
2,24,15,0,0,7,0
1,24,12,0,0,7,0
1,24,21,3,12,7,0
0,24,16,7,11,7,0
0,24,9,0,0,7,0
3,26,19,1,12,7,0
0,26,16,7,9,7,0
0,26,6,0,0,7,0
4,26,20,7,11,7,1
2,26,15,0,0,7,0
0,48,11,0,0,7,0
0,24,23,1,12,7,0
1,48,17,3,11,7,0
2,48,16,1,11,7,0
3,48,23,1,10,7,0
1,48,14,0,0,7,0
0,48,12,0,0,7,0
2,48,14,0,0,7,1
1,48,22,0,0,7,1
0,48,16,7,10,7,0
0,48,14,0,0,7,0
1,24,20,1,12,7,0
2,24,16,9,99,7,0
1,24,13,0,0,7,0
0,24,8,0,0,7,0
2,24,0,0,0,7,0
0,25,23,1,17,7,0
0,24,14,0,0,7,0
0,24,10,0,0,7,0
0,24,7,0,0,7,0
0,26,5,0,0,7,0
0,48,9,0,0,7,0
2,24,12,0,0,7,0
2,24,19,8,10,7,0
0,48,17,7,11,7,0
2,48,14,0,0,7,0
0,48,0,0,0,7,0
1,48,0,0,0,7,0
0,48,11,0,0,7,0
0,48,7,0,0,7,0
0,24,12,0,0,7,0
2,26,19,3,12,7,0
1,26,17,3,9,7,0
0,26,15,0,0,7,0
0,26,15,0,0,7,0
1,26,15,0,0,7,0
0,26,11,0,0,7,0
0,48,7,0,0,7,0
0,48,8,0,0,7,0
0,48,14,0,0,7,0
0,48,13,0,0,7,0
2,26,14,0,0,7,0
0,26,11,0,0,7,0
0,26,7,0,0,7,0
4,26,17,3,10,7,0
1,26,0,0,0,7,0
0,48,13,0,0,7,0
1,24,17,7,10,7,0
4,24,16,7,9,7,0
1,24,16,7,10,7,0
0,48,12,0,0,7,0
0,48,9,0,0,7,0
2,40,20,1,12,7,1
0,48,21,1,14,7,0
3,48,18,3,12,7,0
2,48,16,7,8,7,0
0,48,14,0,0,7,0
0,48,12,0,0,7,0
0,48,12,0,0,7,0
0,48,14,0,0,7,0
3,48,9,0,0,7,0
1,48,16,3,10,7,0
0,48,15,0,0,7,0
0,48,12,0,0,7,0
1,24,22,1,16,7,0
0,24,13,0,0,7,0
1,26,17,7,11,7,0
0,26,6,0,0,7,0
1,26,18,7,99,7,0
0,26,15,0,0,7,0
0,26,13,0,0,7,0
0,26,6,0,0,7,0
0,26,5,0,0,7,0
3,26,17,7,10,7,0
5,48,15,0,0,7,0
0,48,22,3,15,7,0
0,24,6,0,0,7,0
0,24,12,0,0,7,0
0,24,17,7,12,7,0
4,24,18,7,12,7,1
0,24,9,0,0,7,0
2,24,18,3,12,7,0
1,24,14,0,0,7,0
1,24,14,0,0,7,0
0,24,8,0,0,7,0
2,48,21,1,12,7,0
0,48,13,0,0,7,0
1,48,13,0,0,7,0
1,48,8,0,0,7,0
3,24,23,1,14,7,1
0,24,11,0,0,7,0
0,24,18,7,12,7,0
1,24,14,0,0,7,0
0,24,10,0,0,7,0
1,24,10,0,0,7,0
2,24,22,1,12,7,1
0,24,5,0,0,7,0
0,24,14,0,0,7,0
0,24,17,7,11,7,0
0,24,17,7,11,7,0
0,24,13,0,0,7,0
0,24,10,0,0,7,0
0,24,14,0,0,7,0
4,48,21,1,12,7,1
1,24,18,7,11,7,0
0,48,20,6,14,7,1
2,48,10,0,0,7,0
2,48,8,0,0,7,0
2,24,20,7,13,7,1
0,24,7,0,0,7,0
2,48,22,3,12,7,0
0,48,15,0,0,7,0
0,48,0,0,0,7,0
2,48,23,1,13,9,1
0,25,23,1,16,9,0
0,26,19,1,13,9,0
0,26,21,0,0,9,0
3,24,18,7,12,9,1
1,26,22,1,16,9,1
0,26,19,0,0,9,1
0,26,16,7,9,9,0
1,48,13,0,0,9,0
2,48,11,0,0,9,0
0,48,8,0,0,9,0
0,48,13,0,0,9,0
0,48,9,0,0,9,0
0,26,16,7,10,9,0
0,26,9,0,0,9,0
0,49,13,0,0,9,0
1,49,22,1,12,9,0
0,26,12,0,0,9,0
0,48,9,0,0,9,0
1,48,17,7,11,9,0
1,48,16,7,9,9,1
1,26,22,0,0,9,0
0,26,19,3,13,9,0
1,40,19,1,12,9,0
0,48,16,1,9,9,0
3,26,20,7,13,9,1
0,26,22,1,16,9,0
1,48,22,1,13,9,1
0,48,23,7,15,9,0
2,49,16,2,10,9,1
0,26,21,1,12,9,0
0,26,13,0,0,9,1
0,26,10,0,0,9,1
1,26,21,3,12,9,0
0,26,14,0,0,9,0
0,26,14,0,0,9,0
2,40,24,1,12,9,0
1,40,24,1,12,9,0
0,40,9,0,0,9,0
0,26,20,3,12,9,0
0,26,17,7,11,9,0
1,48,23,1,13,9,1
0,48,11,0,0,9,0
1,48,15,0,0,9,1
1,25,21,1,14,9,1
0,25,13,0,0,9,0
0,25,12,0,0,9,0
0,25,10,0,0,9,0
0,25,18,1,12,9,1
0,25,17,1,11,9,0
0,48,15,0,0,9,0
0,48,17,1,12,9,1
0,48,16,3,9,9,0
0,48,14,0,0,9,0
1,48,24,9,0,9,1
0,48,12,0,0,9,0
1,25,21,0,0,9,0
0,48,11,0,0,9,0
0,48,8,0,0,9,0
4,26,23,1,12,9,0
1,26,20,0,0,9,1
0,25,24,1,16,9,0
0,25,19,1,13,9,0
1,26,19,1,14,9,1
0,48,20,0,0,9,0
3,48,22,6,12,9,0
0,48,8,0,0,9,0
1,25,21,0,0,9,1
0,25,19,0,0,9,0
0,26,9,0,0,9,0
1,26,20,0,0,9,1
0,26,18,1,12,9,0
4,26,16,7,10,9,1
0,26,16,7,10,9,1
1,26,13,0,0,9,1
0,25,9,0,0,9,0
0,48,21,1,13,9,0
0,49,14,0,0,9,1
0,49,11,0,0,9,0
1,26,20,7,14,9,1
0,26,17,7,11,9,0
0,26,8,0,0,9,0
0,26,22,0,0,9,1
3,26,24,1,11,9,0
1,40,19,7,13,9,1
0,26,16,7,9,9,0
0,26,14,0,0,9,0
0,26,13,0,0,9,0
0,48,9,0,0,9,0
0,24,14,0,0,9,0
0,48,16,7,9,9,0
0,25,16,7,9,9,0
2,25,18,1,12,9,1
0,25,13,0,0,9,0
0,25,11,0,0,9,0
0,25,7,0,0,9,0
0,48,9,0,0,9,0
0,48,18,7,12,9,0
0,48,10,0,0,9,0
0,48,17,1,11,9,0
3,48,23,7,17,9,1
0,26,10,0,0,9,0
0,26,22,1,16,9,0
3,26,21,1,12,9,0
0,26,12,0,0,9,0
0,24,10,0,0,9,0
2,48,15,0,0,9,1
0,25,23,0,0,9,1
1,25,21,1,13,9,1
0,25,18,7,12,9,1
0,25,18,7,12,9,1
0,25,15,0,0,9,0
0,25,13,0,0,9,0
0,25,12,0,0,9,0
0,25,13,0,0,9,0
0,24,22,0,0,9,0
0,48,15,0,0,9,0
0,26,10,0,0,9,0
0,26,10,0,0,9,0
3,40,19,3,12,9,0
0,40,17,7,11,9,0
4,26,24,6,10,9,1
0,26,9,0,0,9,0
0,48,9,0,0,9,0
0,24,22,1,14,9,1
0,24,19,7,12,9,0
0,40,14,0,0,9,1
0,48,7,0,0,9,0
3,24,13,0,0,9,1
0,24,12,0,0,9,0
0,48,14,0,0,9,0
0,48,20,0,0,9,0
3,48,14,0,0,9,1
0,48,10,0,0,9,0
0,48,17,7,12,9,0
0,48,16,7,11,9,0
0,49,21,1,13,9,1
0,49,8,0,0,9,0
0,48,14,0,0,9,0
0,26,18,7,12,9,1
0,26,18,1,11,9,0
3,26,19,7,12,9,1
0,25,12,0,0,9,0
0,25,10,0,0,9,0
0,25,7,0,0,9,0
0,49,18,3,11,9,0
0,49,13,0,0,9,0
0,49,12,0,0,9,0
2,48,23,7,16,9,1
0,40,18,1,12,9,0
1,40,17,5,10,9,0
0,40,15,0,0,9,0
0,40,10,0,0,9,0
0,24,7,0,0,9,0
0,25,18,7,13,9,0
0,49,12,0,0,9,1
0,49,10,0,0,9,1
2,49,22,1,13,9,1
0,49,18,0,0,9,0
0,49,13,0,0,9,0
2,40,19,3,12,9,0
0,26,24,0,0,9,0
0,25,19,1,13,9,0
0,25,18,7,12,9,0
0,25,8,0,0,9,0
0,24,9,0,0,9,0
0,25,17,7,10,9,0
6,48,18,1,10,9,0
3,48,15,0,0,9,0
0,48,8,0,0,9,0
2,48,17,3,10,9,1
2,48,14,0,0,9,0
0,48,12,0,0,9,0
0,48,9,0,0,9,0
0,48,8,0,0,9,0
2,25,23,1,14,9,1
2,25,20,1,14,9,1
0,25,13,0,0,9,0
3,48,22,0,0,9,1
1,48,16,7,10,9,0
0,48,24,1,16,9,1
0,40,10,0,0,9,0
0,25,22,0,0,9,0
1,48,22,6,12,9,0
0,26,11,0,0,9,0
2,26,25,1,16,9,0
2,26,23,1,12,9,1
0,26,15,0,0,9,0
1,26,15,0,0,9,0
0,26,13,0,0,9,0
0,26,12,0,0,9,0
0,26,7,0,0,9,0
0,49,21,0,0,9,1
2,48,25,3,14,9,1
0,48,21,7,14,9,0
0,25,15,0,0,9,0
0,26,19,7,12,9,0
0,24,21,1,16,9,1
0,48,23,1,16,9,0
0,48,15,0,0,9,0
0,48,17,7,11,9,1
0,48,14,0,0,9,0
3,48,20,7,12,9,0
0,48,14,0,0,9,0
0,48,11,0,0,9,0
1,49,16,7,10,9,0
1,49,15,0,0,9,0
3,48,21,3,14,9,1
0,48,7,0,0,9,0
2,48,22,1,16,9,1
0,48,19,1,12,9,0
0,48,13,0,0,9,0
0,48,25,5,12,9,0
0,48,12,0,0,9,0
3,48,23,3,14,9,0
0,48,17,7,11,9,0
0,48,8,0,0,9,0
0,48,9,0,0,9,0
0,48,16,7,8,9,0
1,48,11,0,0,9,0
0,48,8,0,0,9,0
1,48,9,0,0,9,0
0,24,21,3,13,9,0
0,48,7,0,0,9,0
2,48,17,6,10,9,1
0,48,13,0,0,9,0
0,48,9,0,0,9,0
0,48,7,0,0,9,0
5,24,24,3,11,9,0
0,24,22,3,12,9,0
0,24,18,1,12,9,0
1,24,15,0,0,9,0
1,24,13,0,0,9,0
0,24,7,0,0,9,0
0,24,12,0,0,9,0
2,48,23,3,12,9,0
0,48,23,1,12,9,0
0,26,17,1,10,9,0
1,26,16,1,10,9,0
0,26,11,0,0,9,0
0,26,8,0,0,9,0
5,26,24,3,10,9,0
2,26,23,1,13,9,0
0,26,13,0,0,9,0
0,26,9,0,0,9,0
1,26,19,6,12,9,0
2,26,18,7,12,9,0
2,26,14,0,0,9,0
0,26,13,0,0,9,0
1,26,13,0,0,9,0
3,26,10,0,0,9,0
2,26,21,0,0,9,0
0,26,0,0,0,9,0
0,26,19,6,12,9,0
2,26,14,0,0,9,0
3,26,20,6,11,9,0
2,26,19,7,11,9,0
2,26,14,0,0,9,0
1,26,15,0,0,9,0
0,26,8,0,0,9,0
3,26,16,7,10,9,0
0,26,23,1,16,9,0
1,26,22,1,12,9,0
2,26,21,1,12,9,1
3,26,21,3,12,9,0
0,26,15,0,0,9,0
3,26,19,1,14,9,0
0,24,14,0,0,9,0
0,48,24,3,11,9,0
0,48,9,0,0,9,0
0,48,8,0,0,9,0
1,48,19,7,12,9,1
2,48,22,3,13,9,0
2,48,15,0,0,9,1
0,48,14,0,0,9,0
2,48,13,0,0,9,0
1,48,11,0,0,9,0
0,26,12,0,0,9,0
0,48,16,7,11,9,0
0,48,14,0,0,9,0
0,48,13,0,0,9,0
2,48,16,7,9,9,1
3,48,21,3,12,9,1
0,48,16,7,10,9,0
0,48,14,0,0,9,0
0,24,13,0,0,9,0
3,48,17,7,10,9,0
0,48,10,0,0,9,0
3,48,20,6,13,9,0
0,24,18,3,12,9,0
0,24,12,0,0,9,0
0,24,7,0,0,9,0
0,24,19,3,12,9,1
0,26,13,0,0,9,0
0,26,25,1,16,9,0
2,26,18,3,9,9,0
0,26,8,0,0,9,0
0,24,23,1,16,9,0
2,26,0,0,0,9,1
0,26,18,7,13,9,0
0,26,12,0,0,9,0
0,48,17,7,10,9,0
1,48,17,7,11,9,0
0,48,10,0,0,9,0
0,48,25,0,0,9,1
1,48,24,3,13,9,0
2,48,12,0,0,9,0
0,48,11,0,0,9,0
1,24,18,7,9,9,0
2,24,17,6,8,9,0
1,24,18,7,12,9,0
2,24,17,7,10,9,0
1,24,14,0,0,9,0
1,24,23,1,14,9,0
0,24,18,3,12,9,0
0,24,11,0,0,9,0
0,48,9,0,0,9,0
3,26,21,1,12,9,0
1,26,18,7,11,9,1
0,26,18,1,11,9,0
0,26,8,0,0,9,0
4,26,22,7,10,9,1
2,26,17,7,11,9,0
1,48,23,1,12,9,0
0,48,13,0,0,9,0
0,24,25,1,12,9,0
1,48,19,1,12,9,0
2,48,18,7,12,9,0
3,48,24,1,12,9,0
1,48,16,7,10,9,0
0,48,14,0,0,9,0
2,48,16,3,11,9,1
1,48,24,0,0,9,1
0,48,18,7,12,9,0
0,48,16,7,10,9,0
1,24,22,1,14,9,0
2,24,19,3,12,9,0
1,24,15,0,0,9,0
0,24,11,0,0,9,0
2,24,17,5,11,9,0
0,25,25,1,16,9,0
0,24,16,7,10,9,0
0,24,13,0,0,9,0
0,24,9,0,0,9,0
0,48,11,0,0,9,0
2,24,14,0,0,9,0
2,24,21,1,12,9,0
0,48,19,7,13,9,0
2,48,15,0,0,9,0
0,48,11,0,0,9,0
1,48,8,0,0,9,0
0,48,13,0,0,9,0
0,48,9,0,0,9,0
0,24,14,0,0,9,0
2,26,22,7,12,9,0
1,26,19,7,11,9,0
0,26,17,3,11,9,0
0,26,17,7,11,9,0
1,26,17,3,11,9,0
0,26,13,0,0,9,0
0,48,8,0,0,9,0
0,48,10,0,0,9,0
0,48,16,3,10,9,0
0,48,15,0,0,9,0
2,26,16,7,9,9,0
0,26,12,0,0,9,0
0,26,9,0,0,9,0
4,26,19,3,11,9,0
1,26,12,0,0,9,0
0,48,14,0,0,9,0
1,24,19,7,12,9,0
4,24,19,3,15,9,0
1,24,17,1,12,9,0
0,48,14,0,0,9,0
0,48,11,0,0,9,0
2,48,22,1,14,9,1
0,24,23,1,0,9,0
0,24,13,0,0,9,0
0,24,17,1,11,9,0
3,48,19,7,12,9,0
2,48,18,7,10,9,0
0,48,16,7,10,9,0
0,48,14,0,0,9,0
0,48,14,0,0,9,0
0,48,16,1,10,9,0
3,48,11,0,0,9,0
1,48,18,7,12,9,0
0,48,17,7,12,9,0
0,48,14,0,0,9,0
1,24,24,1,16,9,0
0,24,15,0,0,9,0
1,26,19,7,13,9,0
0,26,8,0,0,9,0
1,26,20,3,12,9,0
0,26,17,1,11,9,0
0,26,15,0,0,9,0
0,26,8,0,0,9,0
0,26,7,0,0,9,0
3,26,19,7,12,9,0
5,48,17,7,10,9,0
0,48,24,3,16,9,0
0,24,8,0,0,9,0
0,24,14,0,0,9,0
0,24,19,1,12,9,0
4,24,20,1,13,9,1
0,24,11,0,0,9,0
1,24,16,7,9,9,0
1,24,16,7,9,9,0
0,24,10,0,0,9,0
2,48,23,3,14,9,0
1,48,15,0,0,9,0
1,48,10,0,0,9,0
2,48,16,7,10,9,1
3,24,24,1,14,9,1
0,24,13,0,0,9,0
0,24,21,1,12,9,0
1,24,16,7,10,9,0
0,24,12,0,0,9,0
1,24,12,0,0,9,0
0,24,8,0,0,9,0
0,24,16,7,9,9,0
0,24,19,1,12,9,0
0,24,19,8,12,9,0
0,24,15,0,0,9,0
0,24,12,0,0,9,0
4,48,23,6,12,9,1
0,24,7,0,0,9,0
1,24,20,1,11,9,0
2,48,11,0,0,9,0
2,48,10,0,0,9,0
2,24,22,1,14,9,1
0,24,9,0,0,9,0
2,48,24,1,12,9,0
0,48,17,7,10,9,0
0,48,0,0,0,9,0
2,48,25,1,13,11,1
0,26,20,1,15,11,0
3,24,20,0,0,11,1
1,26,24,1,16,11,1
0,26,21,0,0,11,1
0,26,18,1,11,11,0
1,48,15,0,0,11,0
2,48,13,0,0,11,0
0,48,10,0,0,11,0
0,48,15,0,0,11,0
0,48,11,0,0,11,0
0,26,18,7,11,11,0
0,26,11,0,0,11,0
0,49,14,0,0,11,0
1,49,25,1,12,11,0
0,26,14,0,0,11,0
0,48,12,0,0,11,0
1,48,19,1,14,11,0
1,48,18,1,13,11,1
0,26,21,1,14,11,0
1,40,22,6,12,11,0
0,48,18,1,11,11,0
0,40,19,1,12,11,1
3,26,22,1,15,11,1
3,48,26,7,16,11,1
0,26,23,3,16,11,0
1,48,24,7,13,11,1
0,48,25,3,17,11,0
2,49,18,1,11,11,1
0,26,22,1,12,11,0
0,26,15,0,0,11,1
0,26,12,0,0,11,1
0,26,16,3,10,11,0
0,26,16,7,10,11,0
2,40,26,6,12,11,0
1,40,26,1,12,11,0
5,40,21,1,9,11,0
0,40,11,0,0,11,0
4,40,21,1,12,11,1
0,26,22,3,12,11,0
0,26,19,7,14,11,0
1,48,25,1,14,11,1
0,48,13,0,0,11,0
1,48,17,7,11,11,1
1,25,23,1,15,11,1
0,25,15,0,0,11,0
0,25,14,0,0,11,0
0,25,13,0,0,11,0
0,25,20,7,14,11,1
0,25,19,7,13,11,0
0,48,17,7,11,11,0
0,48,19,7,12,11,1
0,48,18,1,12,11,0
0,48,16,7,9,11,0
1,48,26,1,16,11,1
0,48,14,0,0,11,0
1,25,23,1,16,11,0
0,48,13,0,0,11,0
0,48,10,0,0,11,0
8,48,26,6,12,11,0
0,48,12,0,0,11,0
4,26,25,1,12,11,0
0,48,11,0,0,11,0
0,25,26,1,16,11,0
0,25,21,1,13,11,0
1,26,21,7,16,11,1
0,48,23,0,0,11,0
3,48,24,6,12,11,0
0,48,11,0,0,11,0
1,25,23,1,16,11,1
0,25,21,0,0,11,0
0,25,26,1,17,11,0
0,26,10,0,0,11,0
1,26,22,1,16,11,1
0,26,20,1,14,11,0
4,26,18,3,12,11,1
0,26,18,7,12,11,1
1,26,14,0,0,11,1
0,25,10,0,0,11,0
0,48,23,1,13,11,0
0,49,16,3,10,11,1
0,49,13,0,0,11,0
1,26,22,3,16,11,1
0,26,20,1,12,11,0
0,26,10,0,0,11,0
0,26,24,0,0,11,1
1,40,21,1,15,11,1
0,26,18,7,12,11,0
0,26,16,1,10,11,0
0,26,15,0,0,11,0
0,48,12,0,0,11,0
0,24,16,7,9,11,0
0,48,18,7,12,11,0
0,25,18,7,12,11,0
2,25,21,1,15,11,1
0,25,15,0,0,11,0
0,25,14,0,0,11,0
0,25,10,0,0,11,0
0,48,10,0,0,11,0
1,25,26,1,16,11,1
0,48,21,3,14,11,0
0,48,19,1,15,11,0
3,48,25,3,17,11,1
0,26,11,0,0,11,0
0,26,24,1,17,11,0
3,26,23,1,12,11,0
0,26,14,0,0,11,0
0,25,24,3,14,11,0
0,24,12,0,0,11,0
2,48,17,3,11,11,1
0,25,25,1,17,11,1
1,25,23,1,14,11,1
0,25,20,1,14,11,1
0,25,19,0,0,11,1
0,25,17,1,12,11,0
0,25,14,0,0,11,0
0,25,14,0,0,11,0
0,25,15,0,0,11,0
0,24,24,0,0,11,0
0,48,17,1,11,11,0
0,26,12,0,0,11,0
0,26,12,0,0,11,0
3,40,22,6,12,11,0
0,40,19,1,12,11,0
4,26,26,3,9,11,1
0,26,11,0,0,11,0
0,48,11,0,0,11,0
0,24,24,1,15,11,1
0,24,21,1,15,11,0
0,40,16,7,9,11,1
0,48,9,0,0,11,0
3,24,15,0,0,11,1
0,24,14,0,0,11,0
0,48,16,1,10,11,0
0,48,22,1,15,11,0
3,48,16,7,9,11,1
0,48,12,0,0,11,0
0,48,19,1,13,11,0
0,48,18,7,13,11,0
2,49,23,1,15,11,1
0,49,23,1,13,11,1
0,49,10,0,0,11,0
0,25,22,1,16,11,0
0,48,15,0,0,11,0
0,26,20,0,0,11,1
2,26,22,7,12,11,1
0,26,20,1,14,11,0
3,26,22,1,13,11,1
0,25,14,0,0,11,0
0,25,12,0,0,11,0
0,25,9,0,0,11,0
0,49,21,7,14,11,0
0,49,16,1,10,11,0
0,49,15,0,0,11,0
2,48,25,1,17,11,1
0,40,20,3,12,11,0
1,40,19,1,13,11,0
0,40,17,7,11,11,0
0,40,12,0,0,11,0
0,24,9,0,0,11,0
0,25,21,1,15,11,0
0,49,14,0,0,11,1
0,49,12,0,0,11,1
2,49,24,1,14,11,1
0,49,20,3,12,11,0
0,49,15,0,0,11,0
2,40,21,1,12,11,0
0,25,19,7,13,11,0
0,25,11,0,0,11,0
0,24,11,0,0,11,0
0,25,19,1,13,11,0
6,48,20,3,98,11,0
3,48,17,3,9,11,0
0,48,10,0,0,11,0
2,48,19,1,12,11,1
2,48,16,1,9,11,0
0,48,14,0,0,11,0
0,48,10,0,0,11,0
0,48,9,0,0,11,0
2,25,25,1,17,11,1
2,25,22,1,16,11,1
0,25,16,7,10,11,0
1,48,18,3,12,11,0
0,48,26,1,16,11,1
0,40,12,0,0,11,0
0,26,13,0,0,11,0
2,26,25,1,12,11,1
0,26,23,1,12,11,0
0,26,16,3,10,11,0
1,26,19,3,12,11,1
1,26,17,7,10,11,0
0,26,15,0,0,11,0
0,26,14,0,0,11,0
0,26,9,0,0,11,0
0,49,23,0,0,11,1
0,49,17,7,11,11,0
2,48,27,1,14,11,1
0,48,23,1,16,11,0
0,25,18,1,12,11,0
0,24,23,1,17,11,1
2,48,22,6,13,11,1
0,48,25,1,16,11,0
0,48,17,7,10,11,0
0,48,18,7,13,11,1
0,48,16,7,10,11,0
3,48,22,3,12,11,0
0,24,16,7,9,11,0
0,24,13,0,0,11,0
1,49,18,1,11,11,0
1,49,17,1,11,11,0
3,48,23,1,14,11,1
0,48,9,0,0,11,0
2,48,24,1,16,11,1
0,48,21,7,15,11,0
0,48,15,0,0,11,0
0,48,27,5,7,11,0
0,48,14,0,0,11,0
3,48,25,6,13,11,0
0,48,19,7,14,11,0
0,48,10,0,0,11,0
0,48,11,0,0,11,0
1,48,13,0,0,11,0
0,48,10,0,0,11,0
1,48,11,0,0,11,0
0,48,15,0,0,11,0
0,24,23,1,13,11,0
0,48,9,0,0,11,0
2,48,19,6,10,11,1
0,48,15,0,0,11,0
0,48,11,0,0,11,0
0,48,9,0,0,11,0
5,24,26,2,11,11,0
0,24,24,1,12,11,0
0,24,20,3,12,11,0
1,24,17,6,9,11,0
1,24,15,0,0,11,0
0,24,9,0,0,11,0
0,24,13,0,0,11,0
2,48,25,3,13,11,0
0,48,24,3,12,11,0
0,26,19,1,12,11,1
0,26,18,1,11,11,0
1,26,17,1,11,11,0
0,26,13,0,0,11,0
0,26,10,0,0,11,0
2,26,25,1,14,11,0
0,26,15,0,0,11,0
0,26,11,0,0,11,0
1,26,21,1,12,11,0
2,26,20,1,12,11,0
2,26,16,7,10,11,0
0,26,15,0,0,11,0
1,26,15,0,0,11,0
3,26,11,0,0,11,0
2,26,23,0,0,11,0
0,26,0,0,0,11,0
0,26,21,7,12,11,0
2,26,16,7,10,11,0
3,26,21,3,12,11,0
2,26,20,3,12,11,0
2,26,16,7,10,11,0
1,26,16,7,10,11,0
0,26,10,0,0,11,0
0,26,10,0,0,11,0
3,26,18,3,12,11,0
1,26,26,1,16,11,1
0,26,25,1,16,11,0
1,26,24,1,14,11,0
2,26,23,1,12,11,1
3,26,23,3,12,11,0
0,26,17,7,11,11,0
3,26,21,3,13,11,0
0,24,16,7,11,11,0
0,48,26,0,11,11,0
0,48,11,0,0,11,0
0,48,10,0,0,11,0
1,48,21,0,0,11,1
2,48,23,7,13,11,0
2,48,17,7,10,11,1
0,48,15,0,0,11,0
2,48,15,0,0,11,0
1,48,13,0,0,11,0
0,48,18,7,13,11,0
0,48,16,7,10,11,0
0,48,15,0,0,11,0
2,48,18,7,12,11,1
3,48,23,3,12,11,1
0,48,18,7,12,11,0
0,48,16,7,10,11,0
0,24,15,0,0,11,0
3,48,19,7,13,11,0
0,48,12,0,0,11,0
3,48,23,6,13,11,0
0,24,20,7,12,11,0
0,24,14,0,0,11,0
0,24,9,0,0,11,0
0,24,21,1,11,11,1
0,26,15,0,0,11,0
0,26,27,1,17,11,0
2,26,20,3,10,11,0
0,26,10,0,0,11,0
0,24,26,7,17,11,0
2,26,21,0,0,11,1
0,26,20,0,0,11,0
0,26,19,3,12,11,0
0,26,14,0,0,11,0
0,48,19,5,12,11,0
1,48,19,3,12,11,0
0,48,11,0,0,11,0
0,48,27,7,12,11,1
1,48,26,1,13,11,0
2,48,14,0,0,11,0
0,48,13,0,0,11,0
1,24,20,3,9,11,0
2,24,19,3,10,11,0
1,24,20,3,12,11,0
2,24,18,3,11,11,0
1,24,16,7,9,11,0
1,24,25,1,14,11,0
0,24,20,3,2,11,0
0,24,13,0,0,11,0
0,48,21,1,13,11,0
0,48,11,0,0,11,0
3,26,23,1,12,11,0
1,26,20,1,13,11,1
0,26,20,1,13,11,0
0,26,10,0,0,11,0
4,26,24,1,12,11,1
2,26,19,7,13,11,0
0,48,15,0,0,11,0
0,24,27,1,12,11,0
1,48,21,3,12,11,0
2,48,20,1,13,11,0
3,48,26,3,12,11,0
1,48,18,1,13,11,0
0,48,16,7,10,11,0
2,48,18,1,13,11,1
1,48,26,0,0,11,1
0,48,20,0,0,11,0
0,48,18,7,12,11,0
1,24,24,1,14,11,0
2,24,20,3,12,11,0
1,24,17,7,11,11,0
0,24,12,0,0,11,0
2,24,18,3,12,11,0
0,24,18,7,11,11,0
0,24,14,0,0,11,0
0,24,11,0,0,11,0
0,48,13,0,0,11,0
2,24,16,7,10,11,0
2,24,23,1,12,11,0
0,48,21,0,0,11,0
2,48,18,7,11,11,0
0,48,14,0,0,11,0
1,48,10,0,0,11,0
0,48,15,0,0,11,0
0,48,11,0,0,11,0
0,24,16,7,10,11,0
2,26,23,1,12,11,0
1,26,21,7,12,11,0
0,26,19,1,12,11,0
0,26,19,7,14,11,0
1,26,19,7,11,11,0
0,26,15,0,0,11,0
0,48,11,0,0,11,0
0,48,12,0,0,11,0
0,48,18,3,12,11,0
0,48,17,7,11,11,0
0,48,13,0,0,11,0
2,26,18,2,12,11,0
0,26,14,0,0,11,0
0,26,11,0,0,11,0
4,26,20,3,11,11,0
1,26,14,0,0,11,0
0,48,17,7,11,11,0
1,24,21,3,14,11,0
4,24,20,3,15,11,0
1,24,19,0,0,11,0
0,48,16,7,9,11,0
0,48,13,0,0,11,0
2,26,24,3,14,11,1
0,24,25,1,12,11,0
0,24,15,0,0,11,0
0,24,19,1,12,11,0
3,48,22,3,12,11,0
2,48,20,3,12,11,0
0,48,18,3,12,11,0
0,48,16,7,9,11,0
0,48,16,3,9,11,0
0,48,17,1,11,11,0
3,48,13,0,0,11,0
1,48,20,0,0,11,0
0,48,19,1,13,11,0
0,48,17,1,10,11,0
1,24,26,1,16,11,0
0,24,17,7,11,11,0
1,26,21,3,13,11,0
0,26,10,0,0,11,0
0,26,19,3,12,11,0
0,26,17,7,10,11,0
0,26,10,0,0,11,0
0,26,9,0,0,11,0
3,26,21,1,13,11,0
5,48,19,7,11,11,0
0,48,26,3,16,11,0
0,24,10,0,0,11,0
0,24,16,7,10,11,0
0,24,21,3,12,11,0
4,24,22,6,12,11,1
0,24,13,0,0,11,0
2,24,22,1,12,11,0
1,24,18,7,12,11,0
1,24,18,7,12,11,0
0,24,0,0,0,11,0
0,24,12,0,0,11,0
2,48,25,3,14,11,0
0,48,17,9,99,11,0
1,48,17,1,11,11,0
1,48,12,0,0,11,0
2,48,18,7,12,11,1
1,48,23,0,0,11,0
3,24,27,1,14,11,1
0,24,16,7,10,11,0
0,24,22,1,12,11,0
1,24,18,7,12,11,0
0,24,14,0,0,11,0
1,24,14,0,0,11,0
2,24,26,1,13,11,1
0,24,9,0,0,11,0
0,24,18,7,12,11,0
0,24,25,1,16,11,0
0,24,21,1,15,11,0
0,24,21,0,0,11,0
0,24,17,1,11,11,0
0,24,14,0,0,11,0
4,48,25,7,12,11,1
2,48,13,0,0,11,0
2,48,12,0,0,11,0
2,24,24,1,14,11,1
0,24,12,0,0,11,0
2,48,27,1,13,11,0
0,48,19,7,12,11,0
0,48,0,0,0,11,0
0,49,25,1,16,13,0
0,26,23,1,14,13,0
1,26,26,1,17,13,1
0,26,24,1,16,13,1
0,26,19,7,0,13,0
1,48,17,7,11,13,0
2,48,15,0,0,13,0
0,48,13,0,0,13,0
0,48,17,7,11,13,0
0,48,13,0,0,13,0
0,26,20,1,12,13,0
0,26,13,0,0,13,0
0,49,16,7,10,13,0
1,40,26,1,16,13,0
0,26,16,1,11,13,0
0,48,13,0,0,13,0
1,48,21,1,14,13,0
1,48,20,1,13,13,1
0,26,23,0,0,13,0
1,40,24,7,12,13,0
0,48,20,0,0,13,0
3,26,24,1,16,13,1
3,48,28,3,17,13,1
0,26,25,1,16,13,0
1,48,26,6,14,13,1
0,48,27,1,17,13,0
0,26,25,1,12,13,0
0,26,17,7,11,13,1
0,26,14,0,0,13,1
1,26,18,1,12,13,1
0,26,18,3,12,13,0
0,26,19,1,13,13,0
1,40,28,1,12,13,0
5,40,23,3,9,13,0
0,40,13,0,0,13,0
4,40,23,6,12,13,1
0,26,24,1,12,13,0
0,26,22,1,0,13,0
1,48,27,1,14,13,1
0,48,15,0,0,13,0
1,48,19,1,12,13,1
0,25,17,5,8,13,0
0,25,16,1,10,13,0
0,25,14,0,0,13,0
0,25,22,1,15,13,1
0,25,21,7,16,13,0
0,48,22,1,14,13,1
0,48,20,1,12,13,0
0,48,18,1,12,13,0
1,48,28,1,16,13,1
0,48,16,7,10,13,0
1,25,26,1,16,13,0
0,48,15,0,0,13,0
0,48,12,0,0,13,0
0,48,15,0,0,13,0
4,26,27,3,12,13,0
0,48,13,0,0,13,0
0,25,28,1,16,13,0
0,25,23,1,13,13,0
1,26,24,1,16,13,1
3,48,26,6,12,13,0
0,48,13,0,0,13,0
1,25,25,1,16,13,1
0,25,23,0,0,13,0
0,25,28,1,17,13,0
0,26,13,0,0,13,0
1,26,24,1,16,13,1
0,26,22,0,0,13,0
4,26,20,6,14,13,1
0,26,20,1,14,13,1
1,26,17,7,11,13,1
0,25,12,0,0,13,0
0,48,25,1,13,13,0
0,49,18,1,11,13,1
0,49,15,0,0,13,0
1,26,24,1,16,13,1
0,26,21,3,12,13,0
0,26,12,0,0,13,0
0,26,26,0,0,13,1
1,40,23,1,17,13,1
0,26,20,0,0,13,0
0,26,18,1,13,13,0
0,26,17,1,11,13,0
0,48,13,0,0,13,0
0,24,18,7,11,13,0
0,25,20,7,14,13,0
0,25,20,0,0,13,0
2,25,23,1,15,13,1
0,25,17,1,11,13,0
0,25,15,0,0,13,0
0,25,11,0,0,13,0
0,48,13,0,0,13,0
0,48,22,3,14,13,0
0,48,14,0,0,13,0
0,48,21,1,0,13,0
3,48,27,1,17,13,1
0,26,13,0,0,13,0
0,26,26,7,17,13,0
3,26,25,1,12,13,0
2,48,19,6,12,13,1
2,26,19,1,12,13,0
0,25,27,1,17,13,1
1,25,25,1,14,13,1
0,25,22,7,15,13,1
0,25,22,0,0,13,1
0,25,19,7,13,13,0
0,25,16,1,11,13,0
0,25,16,7,10,13,0
0,25,17,7,10,13,0
0,48,19,7,0,13,0
1,26,25,1,17,13,1
0,26,14,0,0,13,0
0,26,14,0,0,13,0
3,40,23,6,12,13,0
0,40,21,1,12,13,0
4,26,28,3,9,13,1
0,26,13,0,0,13,0
0,48,13,0,0,13,0
0,24,26,1,15,13,1
0,24,23,1,16,13,0
0,40,18,1,11,13,1
0,48,11,0,0,13,0
3,24,17,3,10,13,1
0,24,16,1,10,13,0
0,48,18,7,12,13,0
0,48,24,1,16,13,1
0,48,21,1,14,13,0
0,48,20,1,12,13,0
2,49,25,1,16,13,1
0,49,12,0,0,13,0
0,26,22,1,16,13,1
0,26,22,1,14,13,0
3,26,23,1,14,13,1
0,25,16,1,9,13,0
0,25,14,0,0,13,0
0,25,11,0,0,13,0
0,49,18,1,12,13,0
2,48,27,1,17,13,1
0,40,22,1,12,13,0
1,40,21,7,14,13,0
0,40,19,7,13,13,0
0,40,14,0,0,13,0
0,24,11,0,0,13,0
0,25,22,0,0,13,0
0,49,16,1,9,13,1
0,49,14,0,0,13,1
2,49,26,1,14,13,1
0,49,17,7,10,13,0
2,40,23,1,12,13,0
0,25,23,1,17,13,0
0,25,21,7,16,13,0
0,25,12,0,0,13,0
0,24,13,0,0,13,0
0,25,21,7,15,13,0
6,48,22,1,10,13,0
3,48,19,7,11,13,0
0,48,12,0,0,13,0
2,48,21,1,12,13,1
2,48,18,1,0,13,0
0,48,15,0,0,13,0
0,48,12,0,0,13,0
0,48,11,0,0,13,0
2,25,27,1,17,13,1
2,25,24,1,16,13,1
0,25,17,7,12,13,0
3,48,26,6,16,13,1
0,48,28,1,16,13,1
0,40,14,0,0,13,0
0,25,26,3,16,13,0
0,26,15,0,0,13,0
2,26,29,7,16,13,0
2,26,27,1,12,13,1
0,26,19,1,13,13,0
1,26,21,1,13,13,1
1,26,19,8,12,13,0
0,26,17,1,12,13,0
0,26,16,1,10,13,0
0,26,11,0,0,13,0
0,49,25,1,16,13,1
0,49,19,0,0,13,0
0,25,19,1,0,13,0
0,24,25,1,17,13,1
2,48,24,7,14,13,1
0,48,27,1,16,13,0
0,48,19,7,0,13,0
0,48,21,0,0,13,1
0,48,18,7,11,13,0
3,48,24,3,12,13,0
0,24,18,7,11,13,0
0,24,15,0,0,13,0
1,49,20,1,12,13,0
1,49,19,1,12,13,0
3,48,25,6,14,13,1
0,48,11,0,0,13,0
2,48,26,1,16,13,1
0,48,23,1,12,13,0
0,48,17,7,10,13,0
0,48,29,5,6,13,0
0,48,16,7,10,13,0
3,48,27,1,13,13,0
0,48,21,1,15,13,0
0,48,12,0,0,13,0
0,48,13,0,0,13,0
0,48,19,3,12,13,0
1,48,15,0,0,13,0
0,48,12,0,0,13,0
1,48,13,0,0,13,0
0,24,24,1,13,13,0
0,48,11,0,0,13,0
2,48,20,1,10,13,1
0,48,17,7,10,13,0
0,48,13,0,0,13,0
0,48,11,0,0,13,0
5,24,28,3,11,13,0
0,24,26,1,12,13,0
0,24,22,1,12,13,0
1,24,19,6,9,13,0
1,24,17,7,10,13,0
0,24,11,0,0,13,0
0,24,15,0,0,13,0
2,48,27,1,13,13,0
0,48,26,1,14,13,0
0,26,20,7,12,13,0
1,26,19,7,12,13,0
0,26,15,0,0,13,0
0,26,12,0,0,13,0
5,26,29,1,12,13,0
2,26,27,5,14,13,0
0,26,17,7,11,13,0
0,26,13,0,0,13,0
1,26,23,3,12,13,0
2,26,22,1,12,13,0
2,26,18,7,11,13,0
0,26,17,7,11,13,0
1,26,17,3,10,13,0
3,26,13,0,0,13,0
2,26,25,3,12,13,0
0,26,0,0,0,13,0
0,26,23,7,12,13,0
2,26,18,3,12,13,0
3,26,24,3,12,13,0
2,26,23,7,12,13,0
2,26,18,3,11,13,0
1,26,18,8,12,13,0
0,26,12,0,0,13,0
0,26,12,0,0,13,0
3,26,20,3,10,13,0
1,26,28,1,16,13,1
0,26,27,1,16,13,0
1,26,26,1,14,13,0
2,26,25,1,12,13,1
3,26,25,1,12,13,0
0,26,19,7,13,13,0
3,26,23,1,14,13,0
0,24,18,7,12,13,0
0,48,13,0,0,13,0
0,48,12,0,0,13,0
1,48,23,1,16,13,1
2,48,26,1,14,13,0
2,48,19,3,11,13,1
0,48,18,7,11,13,0
2,48,17,7,10,13,0
1,48,15,0,0,13,0
0,48,20,0,0,13,0
0,48,18,7,13,13,0
0,48,17,7,11,13,0
2,48,20,3,12,13,1
3,48,25,1,12,13,1
0,48,20,3,12,13,0
0,48,18,7,11,13,0
0,24,17,1,11,13,0
3,48,22,1,13,13,0
0,48,14,0,0,13,0
3,48,24,3,13,13,0
0,24,22,1,12,13,0
0,24,16,7,9,13,0
0,24,11,0,0,13,0
0,24,23,3,11,13,1
0,26,17,7,11,13,0
2,26,22,3,10,13,0
0,26,12,0,0,13,0
0,24,28,1,17,13,0
2,26,23,1,13,13,1
0,26,22,0,0,13,0
0,26,21,1,14,13,0
0,26,16,7,10,13,0
2,48,26,1,12,13,1
0,48,21,6,12,13,0
1,48,21,3,12,13,0
0,48,13,0,0,13,0
0,48,29,1,12,13,1
1,48,28,3,13,13,0
2,48,16,7,8,13,0
0,48,14,0,0,13,0
1,24,22,5,8,13,0
2,24,22,1,11,13,0
1,24,22,1,12,13,0
2,24,20,3,11,13,0
1,24,18,3,11,13,0
1,24,28,1,14,13,0
0,24,22,1,12,13,0
0,24,15,0,0,13,0
0,48,24,1,16,13,0
3,26,25,1,12,13,0
0,48,16,3,9,13,0
1,26,22,1,14,13,1
0,26,22,1,12,13,0
0,26,12,0,0,13,0
4,26,26,1,12,13,1
2,26,21,1,13,13,0
1,48,27,3,12,13,0
0,48,17,7,12,13,0
0,24,29,3,12,13,0
1,48,23,1,12,13,0
2,48,22,1,13,13,0
3,48,28,1,12,13,0
0,48,27,1,16,13,0
1,48,20,1,13,13,0
0,48,18,3,12,13,0
2,48,20,3,13,13,1
0,48,22,0,0,13,0
0,48,20,0,0,13,0
1,24,26,1,14,13,0
2,24,22,1,12,13,0
1,24,19,3,12,13,0
0,24,14,0,0,13,0
2,24,20,3,12,13,0
0,24,20,6,12,13,0
0,24,16,7,10,13,0
0,24,13,0,0,13,0
2,24,18,7,11,13,0
2,24,25,1,11,13,0
0,48,23,1,16,13,0
2,48,19,6,10,13,0
0,48,15,0,0,13,0
1,48,12,0,0,13,0
0,48,17,7,11,13,0
0,48,13,0,0,13,0
0,24,18,7,11,13,0
2,26,26,7,14,13,0
1,26,23,1,12,13,0
0,26,21,1,12,13,0
0,26,21,7,0,13,0
1,26,21,3,9,13,0
0,26,17,7,11,13,0
0,48,13,0,0,13,0
0,48,14,0,0,13,0
0,48,20,3,12,13,0
0,48,19,3,12,13,0
2,26,20,1,12,13,0
0,26,16,1,11,13,0
0,26,13,0,0,13,0
4,26,23,1,11,13,0
1,26,16,3,10,13,0
0,25,28,3,17,13,0
0,48,18,1,12,13,0
1,24,23,1,12,13,0
1,24,22,0,0,13,0
0,48,18,1,12,13,0
0,48,15,0,0,13,0
2,26,26,1,16,13,1
0,24,27,1,12,13,0
0,24,17,7,11,13,0
0,24,21,1,13,13,0
3,48,24,1,0,13,0
2,48,22,1,12,13,0
0,48,20,1,12,13,0
0,48,18,6,12,13,0
0,48,18,1,12,13,0
0,48,20,0,0,13,0
3,48,15,0,0,13,0
1,48,22,0,0,13,0
0,48,18,7,11,13,0
1,24,28,1,16,13,0
0,24,19,1,12,13,0
1,26,23,3,14,13,0
0,26,12,0,0,13,0
0,26,21,7,14,13,0
0,26,19,3,11,13,0
0,26,12,0,0,13,0
0,26,11,0,0,13,0
3,26,23,3,13,13,0
5,48,21,3,10,13,0
0,24,13,0,0,13,0
0,24,18,7,11,13,0
0,24,23,1,12,13,0
4,24,24,7,12,13,1
0,24,15,0,0,13,0
2,24,24,1,12,13,0
1,24,20,7,12,13,0
1,24,20,7,13,13,0
0,24,0,0,0,13,0
0,24,14,0,0,13,0
2,48,27,3,14,13,0
0,48,19,7,0,13,0
1,48,19,3,12,13,0
1,48,14,0,0,13,0
1,48,25,1,16,13,0
2,48,23,1,14,13,1
3,24,28,1,14,13,1
0,24,17,0,0,13,0
0,24,25,1,12,13,0
1,24,20,1,13,13,0
0,24,17,7,11,13,0
1,24,16,7,9,13,0
2,24,28,1,14,13,1
0,24,11,0,0,13,0
0,24,20,7,14,13,0
0,24,27,1,16,13,0
0,24,23,1,16,13,0
0,24,23,0,0,13,0
0,24,19,3,12,13,0
0,24,16,7,9,13,0
0,24,20,0,0,13,0
4,48,27,6,12,13,1
1,24,24,3,12,13,0
2,48,16,3,9,13,0
2,48,14,0,0,13,0
2,24,26,1,14,13,1
0,24,14,0,0,13,0
0,48,21,3,12,13,0
0,48,16,7,10,13,0
2,48,29,1,14,15,1
0,25,22,1,16,15,0
1,26,28,6,17,15,1
0,26,26,1,16,15,1
0,26,22,1,16,15,0
1,48,19,3,12,15,0
2,48,17,3,12,15,0
0,48,15,0,0,15,0
2,48,23,0,0,15,1
0,48,19,1,13,15,1
0,48,19,7,13,15,0
0,48,15,0,0,15,0
0,26,15,0,0,15,0
0,49,18,1,13,15,0
0,48,13,0,0,15,0
0,26,18,1,13,15,0
0,48,16,7,10,15,0
1,48,23,1,14,15,0
1,48,22,3,13,15,1
1,40,26,7,13,15,0
0,48,22,1,10,15,0
3,26,26,1,16,15,1
3,48,30,1,17,15,1
0,26,27,1,16,15,0
1,48,28,6,14,15,1
0,48,29,1,17,15,0
0,26,19,1,13,15,1
0,26,16,1,11,15,1
1,26,20,1,13,15,1
0,26,21,7,13,15,0
2,40,31,6,12,15,0
2,40,26,0,0,15,0
1,40,30,1,12,15,0
5,40,26,3,9,15,0
0,40,16,3,10,15,0
4,40,25,6,12,15,1
0,26,26,3,12,15,0
0,26,24,1,14,15,0
1,48,29,1,14,15,1
0,48,17,1,10,15,0
1,48,21,1,12,15,1
1,25,28,1,17,15,1
0,25,19,5,10,15,0
0,25,18,1,12,15,0
0,25,17,7,11,15,0
0,25,24,1,15,15,1
0,25,23,1,16,15,0
0,48,24,1,14,15,1
0,48,22,1,14,15,0
0,48,21,1,13,15,0
1,48,30,1,16,15,1
0,48,18,7,11,15,0
1,25,28,1,16,15,0
0,48,17,1,11,15,0
0,48,14,0,0,15,0
8,48,30,1,12,15,0
0,48,16,7,10,15,0
0,48,15,0,0,15,0
0,25,30,1,16,15,0
0,25,25,1,14,15,0
1,26,25,1,16,15,1
3,48,28,1,12,15,0
0,48,15,0,0,15,0
1,25,28,1,16,15,1
0,24,24,1,16,15,0
0,26,15,0,0,15,0
1,26,26,1,16,15,1
0,26,24,1,17,15,0
4,26,22,1,14,15,1
0,26,22,1,16,15,1
1,26,18,1,13,15,1
0,25,14,0,0,15,0
0,48,27,1,13,15,0
0,49,20,7,0,15,1
0,49,17,7,10,15,0
1,26,26,1,17,15,1
0,26,23,1,12,15,0
0,26,14,0,0,15,0
0,26,28,1,17,15,1
0,26,30,1,16,15,1
1,40,25,1,17,15,1
0,26,22,0,0,15,0
0,26,20,1,15,15,0
0,26,19,0,0,15,0
0,48,15,0,0,15,0
0,24,20,3,12,15,0
0,25,22,1,0,15,0
0,25,22,0,0,15,0
0,25,19,0,0,15,0
0,25,17,1,11,15,0
0,25,13,0,0,15,0
0,48,15,0,0,15,0
0,48,24,1,14,15,0
0,48,16,7,9,15,0
0,26,27,3,13,15,1
0,48,23,1,17,15,0
3,48,29,1,17,15,1
0,26,28,1,17,15,0
3,26,27,1,12,15,0
0,26,18,1,11,15,0
0,24,29,1,16,15,1
2,48,22,1,12,15,1
2,26,21,1,13,15,0
0,25,29,1,17,15,1
1,25,27,1,14,15,1
0,25,24,7,17,15,1
0,25,24,1,17,15,1
0,25,21,3,15,15,0
0,25,19,1,12,15,0
0,25,18,7,12,15,0
0,25,19,7,12,15,0
0,48,21,0,0,15,0
1,26,27,1,17,15,1
0,26,16,7,9,15,0
0,26,16,7,9,15,0
3,40,25,6,12,15,0
0,40,23,1,12,15,0
4,26,30,6,9,15,1
0,26,15,0,0,15,0
0,48,15,0,0,15,0
0,24,28,1,15,15,1
0,24,25,3,17,15,0
0,40,20,1,12,15,1
0,48,13,0,0,15,0
3,24,19,7,12,15,1
0,24,18,1,12,15,0
0,48,20,1,14,15,0
0,48,26,1,16,15,0
3,48,20,7,12,15,1
0,48,23,1,16,15,0
0,48,22,7,15,15,0
2,49,27,1,16,15,1
0,49,14,0,0,15,0
0,25,26,1,16,15,0
0,48,20,1,12,15,0
2,48,25,6,99,15,1
0,26,24,1,16,15,1
2,26,26,1,13,15,1
0,26,24,1,16,15,0
3,26,25,7,14,15,1
0,25,18,1,11,15,0
0,25,16,7,9,15,0
0,25,13,0,0,15,0
0,49,25,1,16,15,0
0,49,20,1,12,15,0
0,49,19,1,12,15,0
2,48,29,2,17,15,1
0,40,24,5,12,15,0
1,40,23,7,15,15,0
0,40,21,1,14,15,0
0,40,16,1,11,15,0
0,24,13,0,0,15,0
0,49,18,1,12,15,1
2,49,28,1,14,15,1
0,49,19,7,12,15,0
2,40,25,1,12,15,0
0,25,25,1,17,15,0
0,25,23,1,17,15,0
0,25,15,0,0,15,0
0,24,15,0,0,15,0
0,25,23,1,16,15,0
6,48,25,3,10,15,0
3,48,21,3,11,15,0
0,48,15,0,0,15,0
2,48,23,2,12,15,1
2,48,20,0,0,15,0
0,48,18,7,10,15,0
0,48,15,0,0,15,0
0,48,14,0,0,15,0
2,25,29,1,17,15,1
2,25,26,6,16,15,1
0,25,20,1,14,15,0
1,48,22,7,12,15,0
0,40,16,7,10,15,0
0,25,28,1,16,15,0
0,26,18,1,12,15,0
2,26,31,1,17,15,0
2,26,29,1,12,15,1
0,26,20,1,14,15,0
1,26,23,1,15,15,1
1,26,21,3,12,15,0
0,26,19,1,13,15,0
0,26,18,1,12,15,0
0,26,13,0,0,15,0
0,49,27,1,16,15,1
0,49,21,0,0,15,0
2,48,31,1,14,15,1
0,25,21,0,0,15,0
0,24,27,1,17,15,1
2,48,26,3,16,15,1
0,48,21,0,0,15,0
0,48,23,0,0,15,1
0,48,20,0,0,15,0
3,48,26,1,13,15,0
0,24,20,7,0,15,0
0,24,17,7,10,15,0
1,49,22,3,13,15,0
1,49,21,1,12,15,0
3,48,27,6,14,15,1
2,48,28,2,17,15,1
0,48,26,1,16,15,0
0,48,19,7,10,15,0
0,48,31,4,6,15,0
0,48,18,1,12,15,0
3,48,29,6,13,15,0
0,48,23,1,15,15,0
0,48,14,0,0,15,0
0,48,16,7,9,15,0
0,48,22,1,12,15,0
1,48,17,7,11,15,0
0,48,15,0,0,15,0
1,48,15,0,0,15,0
0,48,19,7,13,15,0
0,24,26,1,13,15,0
0,48,13,0,0,15,0
2,48,22,6,10,15,1
0,48,19,7,13,15,0
0,48,16,7,9,15,0
0,48,14,0,0,15,0
5,24,30,3,11,15,0
0,24,27,1,12,15,0
0,24,24,3,12,15,0
1,24,21,3,9,15,0
1,24,19,1,10,15,0
0,24,13,0,0,15,0
0,24,18,7,12,15,0
2,48,29,1,13,15,0
0,48,28,1,14,15,0
3,26,24,6,14,15,1
0,26,23,1,13,15,1
0,26,22,1,14,15,0
0,26,22,1,14,15,1
0,26,17,7,10,15,0
0,26,14,0,0,15,0
5,26,31,3,12,15,0
2,26,29,5,14,15,0
0,26,20,3,11,15,0
0,26,15,0,0,15,0
1,26,25,1,12,15,0
2,26,24,1,12,15,0
2,26,20,1,11,15,0
0,26,19,7,11,15,0
1,26,19,1,12,15,0
3,26,16,7,10,15,0
2,26,27,1,12,15,0
0,26,14,0,0,15,0
0,26,25,1,12,15,0
2,26,20,1,12,15,0
3,26,25,3,12,15,0
2,26,20,3,11,15,0
1,26,20,1,13,15,0
0,26,14,0,0,15,0
0,26,14,0,0,15,0
3,26,22,1,11,15,0
1,26,30,1,17,15,1
0,26,29,7,16,15,0
1,26,28,1,14,15,0
2,26,27,1,12,15,1
3,26,27,1,12,15,0
0,26,22,1,13,15,0
3,26,25,1,14,15,0
0,24,20,7,14,15,0
0,48,15,0,0,15,0
0,48,14,0,0,15,0
1,48,25,1,16,15,1
2,48,28,1,14,15,0
2,48,21,1,12,15,1
0,48,20,1,12,15,0
2,48,19,1,12,15,0
1,48,17,3,12,15,0
0,26,18,9,99,15,0
0,48,22,1,16,15,0
0,48,20,3,15,15,0
0,48,19,3,14,15,0
0,48,28,1,11,15,0
2,48,22,1,12,15,1
3,48,27,3,13,15,1
0,48,22,1,12,15,0
0,48,20,7,13,15,0
0,24,19,1,13,15,0
3,48,23,1,13,15,0
0,48,16,1,10,15,0
3,48,27,3,13,15,0
0,24,24,1,12,15,0
0,24,18,7,11,15,0
0,24,25,1,11,15,1
0,26,19,1,12,15,0
0,26,31,1,99,15,0
2,26,24,1,10,15,0
0,26,15,0,0,15,0
0,24,30,1,17,15,0
2,26,25,3,13,15,1
0,26,24,1,17,15,0
0,26,23,1,16,15,0
0,26,18,1,12,15,0
2,24,27,3,10,15,0
2,48,28,7,12,15,1
0,48,23,0,0,15,0
1,48,23,6,12,15,0
0,48,15,0,0,15,0
0,48,31,1,12,15,1
1,48,30,1,13,15,0
2,48,18,3,11,15,0
0,48,16,7,10,15,0
1,24,25,3,10,15,0
2,24,24,1,11,15,0
1,24,25,3,12,15,0
2,24,22,3,11,15,0
1,24,20,1,11,15,0
1,24,29,1,14,15,0
0,24,24,3,12,15,0
0,24,17,3,10,15,0
3,26,27,1,12,15,0
1,26,23,6,14,15,1
0,26,14,0,0,15,0
4,26,28,1,12,15,1
2,26,23,1,13,15,0
1,48,29,3,12,15,0
0,48,22,3,10,15,0
0,48,19,3,12,15,0
0,24,31,1,12,15,0
1,48,25,3,12,15,0
2,48,24,1,13,15,0
3,48,30,2,12,15,0
0,48,29,1,16,15,0
1,48,22,1,13,15,0
0,48,20,1,14,15,0
2,48,22,1,13,15,1
0,48,24,0,0,15,0
0,48,22,0,0,15,0
1,24,28,1,14,15,0
2,24,24,1,12,15,0
1,24,21,3,12,15,0
0,24,16,7,10,15,0
2,24,22,6,12,15,0
0,24,22,1,15,15,0
0,24,19,1,14,15,0
0,24,15,0,0,15,0
0,48,18,1,11,15,0
0,24,24,1,16,15,1
2,24,21,1,12,15,0
2,24,27,3,11,15,0
0,48,25,1,16,15,0
1,48,20,1,13,15,0
2,48,22,3,11,15,0
0,48,17,3,11,15,0
1,48,14,0,0,15,0
0,48,15,0,0,15,0
0,48,20,0,0,15,0
0,48,16,7,10,15,0
0,24,20,1,12,15,0
2,26,28,7,14,15,0
1,26,25,1,12,15,0
0,26,23,1,13,15,0
0,26,23,3,16,15,0
1,26,23,3,11,15,0
0,26,19,0,0,15,0
2,48,23,1,13,15,0
0,48,14,0,0,15,0
0,48,16,3,9,15,0
0,48,22,1,12,15,0
0,48,21,1,12,15,0
2,26,22,1,12,15,0
0,26,15,0,0,15,0
4,26,24,3,12,15,0
1,26,18,1,11,15,0
0,24,30,1,17,15,0
0,48,21,1,14,15,0
1,24,25,1,12,15,0
1,24,23,1,14,15,0
0,48,20,0,0,15,0
0,48,17,8,12,15,0
2,26,28,1,16,15,1
0,24,29,1,12,15,0
0,24,19,3,12,15,0
0,24,22,1,14,15,0
3,48,26,3,12,15,0
2,48,25,6,12,15,0
0,48,22,1,12,15,0
0,48,20,1,12,15,0
0,48,20,1,14,15,0
0,48,21,0,0,15,0
3,48,17,7,11,15,0
1,48,24,0,0,15,0
0,48,21,0,0,15,0
1,24,30,1,16,15,0
0,24,21,1,12,15,0
0,48,23,1,13,15,0
1,26,25,3,12,15,0
0,26,14,0,0,15,0
0,26,24,3,14,15,0
0,26,22,1,12,15,0
0,26,14,0,0,15,0
0,26,13,0,0,15,0
3,26,25,7,13,15,0
5,48,23,3,10,15,0
0,24,14,0,0,15,0
0,24,20,1,13,15,0
0,24,25,1,12,15,0
4,24,26,2,14,15,1
0,24,17,7,9,15,0
2,24,26,1,12,15,0
1,24,22,1,14,15,0
1,24,22,3,16,15,0
0,24,0,0,0,15,0
0,24,16,7,10,15,0
2,48,29,3,14,15,0
0,48,21,0,0,15,0
1,48,21,1,14,15,0
1,48,16,3,10,15,0
2,48,22,1,14,15,1
1,48,27,1,16,15,0
2,48,25,1,14,15,1
3,24,30,1,14,15,1
0,24,19,0,0,15,0
0,24,26,1,13,15,0
1,24,22,1,13,15,0
0,24,18,7,12,15,0
1,24,18,7,11,15,0
2,24,30,1,14,15,1
1,48,19,6,11,15,0
0,24,13,0,0,15,0
0,24,22,7,16,15,0
0,24,29,1,16,15,0
0,24,25,0,0,15,0
0,24,21,0,0,15,0
0,24,18,3,13,15,0
0,24,22,1,17,15,0
4,48,29,1,12,15,1
1,24,26,1,12,15,0
1,48,28,1,14,15,0
2,48,18,6,12,15,0
2,48,16,7,11,15,0
2,24,28,1,14,15,1
0,24,16,7,10,15,0
0,48,23,3,12,15,0
0,48,18,7,11,15,0
2,48,31,1,14,17,1
0,26,29,1,16,17,0
0,25,24,1,17,17,0
0,26,27,1,16,17,1
0,26,24,6,16,17,0
1,48,21,6,12,17,0
2,48,19,7,12,17,0
0,48,16,7,10,17,0
0,48,21,0,0,17,0
0,48,17,7,12,17,0
0,26,18,3,11,17,0
0,49,20,1,14,17,0
0,48,15,0,0,17,0
0,26,20,1,15,17,0
1,48,25,1,14,17,0
1,48,24,1,13,17,1
1,26,30,1,16,17,0
0,24,27,1,17,17,0
0,25,25,1,16,17,0
1,40,28,1,13,17,0
0,48,25,1,10,17,0
3,26,28,1,16,17,1
3,48,32,1,17,17,1
0,26,27,1,16,17,0
0,26,29,5,16,17,0
1,48,30,6,14,17,1
0,48,31,1,17,17,0
0,26,18,1,12,17,1
1,26,29,1,12,17,0
1,26,22,1,15,17,1
0,26,23,1,16,17,0
2,40,28,6,11,17,0
1,40,33,1,12,17,0
5,40,28,3,9,17,0
0,40,17,1,10,17,0
4,40,27,6,12,17,1
1,48,31,1,14,17,1
0,48,20,0,0,17,0
1,48,23,6,12,17,1
0,25,21,5,11,17,0
0,25,20,1,14,17,0
0,25,18,1,13,17,0
0,25,25,1,16,17,0
0,48,24,1,14,17,0
0,48,23,1,14,17,0
1,48,32,1,16,17,1
0,48,20,7,13,17,0
1,25,29,1,16,17,0
0,48,19,1,13,17,0
0,48,16,1,12,17,0
8,48,32,6,12,17,0
0,48,19,7,12,17,0
4,26,31,6,12,17,0
0,48,17,7,11,17,0
0,25,32,1,16,17,0
0,25,27,1,14,17,0
1,26,28,1,16,17,1
3,48,30,1,12,17,0
0,48,17,7,11,17,0
1,25,30,1,16,17,1
0,25,28,1,16,17,0
0,25,32,1,17,17,0
0,24,26,1,17,17,0
0,26,17,7,11,17,0
1,26,28,1,16,17,1
0,26,26,1,17,17,0
4,26,24,3,14,17,1
0,26,24,7,17,17,1
1,26,21,7,15,17,1
0,25,17,3,11,17,0
0,48,28,1,13,17,0
0,49,22,1,15,17,1
0,49,19,1,13,17,0
1,26,28,1,17,17,1
0,26,16,7,10,17,0
0,26,30,1,17,17,1
3,26,33,1,11,17,0
0,48,29,1,14,17,0
0,26,32,1,16,17,1
1,40,27,2,17,17,1
0,26,22,1,15,17,0
0,48,18,7,12,17,0
0,24,26,7,17,17,0
0,24,21,1,12,17,0
0,25,24,0,0,17,0
0,25,24,0,0,17,0
2,25,27,1,15,17,1
0,25,19,1,13,17,0
0,25,15,0,0,17,0
0,48,17,7,11,17,0
0,48,26,1,14,17,0
0,48,18,3,9,17,0
0,48,25,7,17,17,0
3,48,31,1,17,17,1
0,26,18,1,11,17,0
0,26,30,1,17,17,0
0,26,20,1,12,17,0
0,24,31,1,16,17,1
2,48,23,7,12,17,1
2,26,23,1,13,17,0
0,25,31,1,17,17,1
1,25,29,1,14,17,1
0,25,26,1,17,17,1
0,25,26,1,17,17,1
0,25,23,1,15,17,0
0,25,21,1,12,17,0
0,25,20,0,0,17,0
0,25,21,0,0,17,0
0,48,23,1,16,17,0
1,26,29,1,17,17,1
0,26,19,7,12,17,0
0,26,19,7,12,17,0
3,40,27,6,12,17,0
0,40,25,1,12,17,0
4,26,32,1,9,17,1
0,26,17,7,11,17,0
0,48,17,7,11,17,0
0,24,30,1,15,17,1
0,24,27,1,17,17,0
0,40,22,1,12,17,1
0,48,15,0,0,17,0
0,24,20,1,12,17,0
0,48,22,1,14,17,0
0,48,28,1,16,17,0
3,48,22,7,15,17,1
0,48,25,1,16,17,0
0,48,24,7,17,17,0
2,49,29,6,16,17,1
0,49,22,1,16,17,1
0,49,16,1,9,17,0
0,25,28,1,16,17,0
2,48,27,6,99,17,1
2,26,28,1,13,17,1
0,26,26,1,16,17,0
3,26,27,1,14,17,1
0,25,20,1,14,17,0
0,25,18,7,12,17,0
0,25,16,7,10,17,0
0,49,23,0,0,17,0
0,49,27,1,16,17,0
0,49,21,1,14,17,0
2,48,31,1,17,17,1
0,40,26,5,12,17,0
1,40,25,6,17,17,0
0,40,23,7,14,17,0
0,40,18,3,13,17,0
0,24,15,0,0,17,0
0,49,20,0,0,17,1
0,49,18,7,12,17,1
2,49,30,1,14,17,1
0,49,21,7,14,17,0
2,40,27,7,12,17,0
0,26,22,1,17,17,0
0,25,27,1,17,17,0
0,25,25,1,16,17,0
0,25,16,1,11,17,0
0,24,17,1,11,17,0
0,25,25,1,16,17,0
6,48,27,3,10,17,0
3,48,23,3,11,17,0
0,48,17,7,10,17,0
2,48,25,7,14,17,1
2,48,22,1,16,17,0
0,48,19,3,12,17,0
0,48,17,9,11,17,0
0,48,16,7,10,17,0
2,25,31,1,17,17,1
2,25,28,1,16,17,1
0,25,21,7,0,17,0
1,48,24,7,17,17,0
0,48,32,1,16,17,1
0,40,18,7,13,17,0
0,25,30,1,16,17,0
0,26,20,0,0,17,0
2,26,33,1,17,17,0
2,26,31,1,12,17,1
0,26,23,1,16,17,0
1,26,25,6,15,17,1
1,26,23,3,12,17,0
0,26,21,1,14,17,0
0,26,20,1,14,17,0
0,26,15,0,0,17,0
0,49,29,1,16,17,1
0,49,23,1,17,17,0
2,48,33,1,14,17,1
0,25,24,1,16,17,0
0,24,29,1,17,17,1
2,48,28,1,17,17,1
0,26,23,1,16,17,0
0,48,25,1,17,17,1
0,48,22,0,0,17,0
3,48,28,1,13,17,0
1,49,24,1,13,17,0
1,49,23,1,12,17,0
3,48,29,1,14,17,1
0,48,16,7,13,17,0
2,48,30,1,17,17,1
0,48,21,7,14,17,0
0,48,33,5,6,17,0
0,48,20,1,12,17,0
3,48,32,6,12,17,0
0,48,26,1,15,17,0
0,48,16,7,10,17,0
0,48,18,7,11,17,0
0,48,24,6,12,17,0
1,48,19,1,13,17,0
0,48,17,7,11,17,0
1,48,17,1,12,17,0
0,24,29,1,13,17,0
0,48,15,0,0,17,0
2,48,25,6,10,17,1
0,48,21,3,14,17,0
0,48,17,7,11,17,0
0,48,16,7,9,17,0
0,48,17,7,11,17,0
0,48,17,7,11,17,0
0,26,22,7,15,17,0
0,24,22,1,16,17,0
0,24,17,7,11,17,0
2,25,25,1,14,17,0
0,25,20,1,12,17,0
0,25,21,1,12,17,1
1,26,21,1,12,17,1
0,26,18,1,11,17,0
0,26,26,1,16,17,0
5,24,32,1,11,17,0
0,24,30,1,12,17,0
0,24,27,1,12,17,0
1,24,23,1,9,17,0
1,24,21,1,10,17,0
0,24,15,0,0,17,0
0,24,19,7,12,17,0
2,48,31,1,13,17,0
0,48,31,1,14,17,0
3,26,26,1,14,17,1
0,26,25,1,16,17,0
1,26,23,1,15,17,0
0,26,19,3,12,17,0
0,26,16,7,11,17,0
5,26,33,1,12,17,0
2,26,31,6,14,17,0
0,26,22,3,11,17,0
0,26,17,7,10,17,0
1,26,27,1,12,17,0
2,26,26,1,12,17,0
2,26,22,1,11,17,0
0,26,21,1,11,17,0
1,26,21,7,12,17,0
3,26,17,1,10,17,0
2,26,29,3,12,17,0
0,26,16,7,9,17,0
0,26,27,1,12,17,0
2,26,22,3,12,17,0
3,26,27,1,12,17,0
2,26,22,3,11,17,0
1,26,23,1,13,17,0
0,26,16,7,10,17,0
0,26,16,7,10,17,0
3,26,24,6,11,17,0
1,26,32,1,17,17,1
0,26,31,1,17,17,0
1,26,30,1,14,17,0
2,26,29,1,12,17,1
3,26,29,1,12,17,0
0,26,24,1,14,17,0
3,26,27,1,14,17,0
0,48,18,7,11,17,0
0,48,16,7,10,17,0
1,48,27,1,16,17,1
2,48,30,1,14,17,0
2,48,23,6,12,17,1
0,48,22,1,12,17,0
2,48,21,1,12,17,0
1,48,20,0,0,17,0
0,24,15,0,0,17,0
0,24,22,1,17,17,0
0,26,20,3,12,17,0
0,48,24,1,16,17,0
0,48,21,0,0,17,0
3,48,30,1,13,17,1
0,48,24,1,12,17,0
0,24,21,1,13,17,0
3,48,25,1,13,17,0
0,48,18,1,13,17,0
3,48,28,3,13,17,0
0,24,26,1,12,17,0
0,24,20,1,12,17,0
0,24,27,3,11,17,1
0,26,21,7,12,17,0
0,26,33,1,99,17,0
2,26,26,3,10,17,0
0,26,16,5,10,17,0
0,24,31,1,17,17,0
2,26,27,6,13,17,1
0,26,26,1,17,17,0
0,26,25,1,17,17,0
0,26,20,0,0,17,0
2,48,30,6,12,17,1
0,48,25,1,15,17,0
1,48,25,6,12,17,0
0,48,18,7,12,17,0
0,48,33,1,12,17,1
1,48,32,1,13,17,0
2,48,20,1,13,17,0
0,48,19,1,12,17,0
0,48,25,6,10,17,1
1,24,26,1,10,17,0
2,24,26,3,11,17,0
1,24,26,1,12,17,0
2,24,24,3,11,17,0
1,24,22,1,11,17,0
1,24,31,1,14,17,0
0,24,26,3,12,17,0
0,24,19,7,12,17,0
3,26,29,1,12,17,0
0,48,21,1,11,17,0
1,26,26,6,14,17,1
0,26,26,1,12,17,0
0,26,16,3,10,17,0
4,26,30,1,12,17,1
2,26,25,8,14,17,0
0,48,25,3,10,17,0
0,48,22,3,12,17,0
1,48,27,1,12,17,0
2,48,26,1,13,17,0
3,48,32,1,12,17,0
0,48,32,3,16,17,0
1,48,24,1,15,17,0
0,48,22,1,14,17,0
2,48,24,1,13,17,1
0,48,26,1,15,17,0
0,48,24,3,17,17,0
1,24,30,1,14,17,0
2,24,26,1,12,17,0
1,24,23,1,12,17,0
0,24,18,7,12,17,0
2,24,24,6,12,17,0
0,24,24,1,15,17,0
0,24,20,3,14,17,0
0,24,17,1,10,17,0
0,48,19,7,11,17,0
0,24,26,1,17,17,1
2,24,22,1,12,17,0
2,24,29,3,11,17,0
0,48,27,1,17,17,0
1,48,22,1,14,17,0
2,48,23,3,11,17,0
0,48,19,3,11,17,0
1,48,16,7,9,17,0
0,48,20,3,13,17,0
0,48,17,1,11,17,0
0,48,21,0,0,17,0
0,48,17,7,11,17,0
2,26,30,1,14,17,0
1,26,27,1,12,17,0
0,26,25,1,14,17,0
1,26,25,1,11,17,0
0,26,22,1,14,17,0
0,48,16,7,11,17,0
0,48,18,7,11,17,0
0,48,25,3,12,17,0
0,48,24,1,12,17,0
2,26,24,1,12,17,0
0,26,21,7,14,17,0
0,26,17,7,12,17,0
4,26,27,3,12,17,0
1,26,20,1,11,17,0
0,48,23,1,14,17,0
1,24,27,1,12,17,0
1,24,25,1,17,17,0
0,48,22,0,0,17,0
0,48,19,3,12,17,0
2,26,30,1,16,17,1
0,24,31,1,12,17,0
0,24,22,1,12,17,0
0,24,25,1,14,17,0
3,48,27,7,12,17,0
2,48,26,6,12,17,0
0,48,24,1,12,17,0
0,48,22,7,12,17,0
0,48,22,1,14,17,0
0,48,24,0,0,17,0
1,48,26,1,16,17,0
0,48,22,0,0,17,0
0,24,23,1,12,17,0
0,48,25,1,13,17,0
0,26,16,3,11,17,0
0,26,25,1,14,17,0
0,26,23,3,12,17,0
0,26,16,7,10,17,0
0,26,15,0,0,17,0
3,26,27,1,13,17,0
5,48,26,9,10,17,0
0,24,16,7,10,17,0
0,24,22,1,13,17,0
4,24,29,6,14,17,1
0,24,19,1,12,17,0
2,24,28,1,12,17,0
1,24,24,1,14,17,0
0,24,21,1,14,17,0
0,24,18,1,12,17,0
2,48,31,6,14,17,0
0,48,23,1,16,17,0
1,48,24,1,15,17,0
1,48,18,1,11,17,0
2,48,24,1,14,17,1
0,24,25,1,17,17,0
1,48,29,1,15,17,0
2,48,27,1,14,17,1
3,24,33,1,14,17,1
0,24,21,0,0,17,0
0,24,29,1,13,17,0
1,24,24,1,13,17,0
0,24,20,3,12,17,0
1,24,20,1,11,17,0
2,24,32,1,14,17,1
0,24,15,0,0,17,0
0,24,24,7,16,17,0
0,24,31,1,16,17,0
0,24,23,0,0,17,0
0,24,20,7,13,17,0
0,24,24,1,17,17,0
4,48,31,6,12,17,1
1,24,28,1,12,17,0
1,48,30,1,14,17,0
2,48,19,3,12,17,0
2,48,18,3,12,17,0
2,24,30,1,14,17,1
0,24,18,1,12,17,0
0,48,25,3,12,17,0
0,48,20,1,11,17,0
2,48,33,1,14,19,1
0,25,26,1,17,19,0
0,26,29,1,16,19,1
2,48,21,1,12,19,0
0,48,18,3,10,19,0
3,49,33,1,12,19,1
0,48,23,1,0,19,0
0,48,19,1,14,19,0
0,49,22,1,14,19,0
0,48,17,7,11,19,0
0,26,22,1,17,19,0
1,48,27,1,14,19,0
1,48,26,1,13,19,1
1,26,31,1,16,19,0
0,26,29,3,17,19,0
1,40,30,1,13,19,0
0,48,26,1,10,19,0
3,26,30,1,16,19,1
3,48,34,1,17,19,1
0,24,29,1,16,19,0
0,26,31,5,16,19,0
1,48,32,6,14,19,1
0,48,33,1,17,19,0
0,26,20,1,14,19,1
1,26,24,1,15,19,1
0,26,24,1,16,19,0
2,40,34,6,12,19,0
2,40,29,7,11,19,0
1,40,34,1,12,19,0
0,40,20,1,12,19,0
4,40,29,6,12,19,1
1,48,33,1,14,19,1
0,48,21,1,12,19,0
1,48,25,6,12,19,1
1,25,31,6,17,19,1
0,25,23,5,11,19,0
0,25,22,1,0,19,0
0,25,20,1,0,19,0
0,25,27,1,16,19,0
0,48,26,1,14,19,0
0,48,25,1,14,19,0
0,48,22,1,15,19,0
1,25,31,1,16,19,0
0,48,21,0,0,19,0
0,48,18,1,13,19,0
8,48,34,6,12,19,0
0,48,21,3,12,19,0
4,26,33,3,12,19,0
0,48,19,3,11,19,0
0,25,34,1,16,19,0
0,25,30,1,14,19,0
1,26,30,1,16,19,1
0,48,28,1,16,19,1
3,48,32,1,12,19,0
0,48,18,7,13,19,0
1,25,32,1,16,19,1
0,25,29,1,16,19,0
0,25,34,2,17,19,0
0,24,28,1,17,19,0
0,26,18,1,12,19,0
1,26,30,1,16,19,1
0,26,28,1,17,19,0
4,26,26,6,14,19,1
0,26,26,1,17,19,1
1,26,22,6,16,19,1
0,25,18,1,12,19,0
0,48,31,1,13,19,0
0,49,24,1,15,19,1
0,49,21,1,14,19,0
1,26,30,1,17,19,1
0,26,27,1,13,19,0
0,26,18,7,12,19,0
0,26,32,1,17,19,1
3,26,35,1,11,19,0
0,48,32,1,14,19,0
1,40,29,1,17,19,1
0,26,24,1,17,19,0
0,48,19,0,0,19,0
0,24,23,1,12,19,0
0,25,26,1,17,19,0
0,25,26,1,17,19,0
2,25,29,6,15,19,1
0,25,21,0,0,19,0
0,25,17,1,11,19,0
0,48,18,1,13,19,0
0,48,28,1,14,19,0
0,48,20,1,11,19,0
0,48,27,1,17,19,0
3,48,33,1,17,19,1
0,26,32,1,17,19,0
3,26,31,1,13,19,0
0,26,22,1,12,19,0
0,24,33,1,16,19,1
2,48,25,6,12,19,1
2,26,25,1,14,19,0
0,25,33,1,17,19,1
1,25,31,1,14,19,1
0,25,28,1,17,19,1
0,25,27,1,17,19,1
0,25,25,1,15,19,0
0,25,22,1,12,19,0
0,25,22,0,0,19,0
1,26,31,1,17,19,1
0,26,20,7,13,19,0
0,26,20,7,13,19,0
3,40,30,1,12,19,0
0,40,27,6,12,19,0
4,26,34,6,9,19,1
0,26,19,0,0,19,0
0,48,19,1,14,19,0
0,24,32,1,15,19,1
0,24,29,1,17,19,0
0,40,24,7,14,19,1
0,48,17,7,10,19,0
0,24,22,1,12,19,0
0,48,24,1,14,19,0
0,48,30,1,17,19,0
3,48,24,1,15,19,1
0,48,26,1,17,19,0
2,49,31,1,16,19,1
0,49,18,7,11,19,0
0,25,31,1,16,19,0
2,48,29,6,99,19,1
2,26,30,6,13,19,1
0,26,28,1,16,19,0
3,26,30,1,14,19,1
0,25,22,1,16,19,0
0,25,20,1,14,19,0
0,25,18,7,12,19,0
0,49,29,1,17,19,0
0,49,23,1,15,19,0
2,48,33,1,17,19,1
0,40,28,6,12,19,0
1,40,27,1,17,19,0
0,24,17,7,11,19,0
0,49,22,6,12,19,1
2,49,32,1,14,19,1
0,49,23,1,16,19,0
2,40,29,6,12,19,0
0,26,24,1,17,19,0
0,25,29,1,17,19,0
0,25,27,1,16,19,0
0,25,18,7,12,19,0
0,24,18,7,13,19,0
0,25,27,1,16,19,0
6,48,28,1,10,19,0
3,48,25,1,11,19,0
0,48,19,3,11,19,0
2,48,27,1,15,19,1
2,48,24,1,16,19,0
0,48,22,1,12,19,0
0,48,18,1,12,19,0
0,48,17,1,11,19,0
2,25,33,1,17,19,1
2,25,30,1,16,19,1
0,48,34,6,16,19,1
0,40,21,1,15,19,0
0,25,32,1,16,19,0
0,26,21,0,0,19,0
2,26,35,1,17,19,0
2,26,33,1,12,19,1
0,26,25,1,17,19,0
1,26,27,6,15,19,1
1,26,25,3,12,19,0
0,26,23,1,14,19,0
0,26,17,1,11,19,0
0,49,31,1,16,19,1
2,48,35,6,14,19,1
0,24,31,1,17,19,1
2,48,29,1,17,19,1
0,26,25,1,16,19,0
0,48,27,7,17,19,1
0,48,24,1,16,19,0
3,48,29,6,13,19,0
0,24,24,0,0,19,0
0,24,21,0,0,19,0
1,49,26,1,13,19,0
1,49,25,1,12,19,0
3,48,31,1,14,19,1
0,48,18,7,13,19,0
2,48,32,1,17,19,1
0,48,23,1,16,19,0
0,48,35,4,6,19,0
0,48,22,1,12,19,0
3,48,33,6,12,19,0
0,48,27,1,15,19,0
0,48,17,7,11,19,0
0,48,19,7,13,19,0
1,48,21,1,15,19,0
0,48,18,1,13,19,0
1,48,19,1,13,19,0
0,24,30,1,13,19,0
0,48,17,7,9,19,0
2,48,26,6,10,19,1
0,48,23,1,14,19,0
0,48,19,7,12,19,0
0,48,17,7,11,19,0
0,48,19,7,12,19,0
0,48,19,1,13,19,0
0,26,24,1,16,19,0
1,26,22,1,13,19,1
0,24,23,0,0,19,0
0,24,19,7,12,19,0
2,25,27,1,14,19,0
0,25,22,1,12,19,0
0,25,23,1,12,19,1
1,26,23,1,12,19,1
0,26,20,1,11,19,0
5,24,34,1,11,19,0
0,24,32,1,12,19,0
0,24,28,1,12,19,0
1,24,26,6,9,19,0
1,24,23,1,10,19,0
0,24,17,7,9,19,0
0,24,21,7,15,19,0
2,48,33,1,13,19,0
0,48,33,1,14,19,0
3,26,29,6,14,19,1
0,26,27,1,13,19,1
0,26,26,1,16,19,0
1,26,25,1,15,19,0
0,26,21,3,12,19,0
0,26,18,1,12,19,0
5,48,23,1,12,19,0
5,26,34,1,12,19,0
2,26,33,6,14,19,0
0,26,23,1,11,19,0
0,26,19,1,13,19,0
1,26,29,1,12,19,0
2,26,28,1,12,19,0
2,26,24,1,11,19,0
0,26,23,1,11,19,0
1,26,23,1,12,19,0
3,26,19,6,10,19,0
2,26,31,1,12,19,0
0,26,18,3,12,19,0
0,26,29,1,12,19,0
2,26,24,1,12,19,0
3,26,30,1,12,19,0
2,26,24,3,11,19,0
1,26,25,1,13,19,0
0,26,18,7,11,19,0
0,26,17,7,11,19,0
3,26,26,1,11,19,0
1,26,34,1,17,19,1
0,26,33,1,17,19,0
1,26,32,1,14,19,0
2,26,31,1,12,19,1
3,26,32,1,12,19,0
0,26,25,1,14,19,0
3,26,29,1,14,19,0
0,48,19,3,11,19,0
0,48,18,3,12,19,0
1,48,29,1,16,19,1
2,48,32,1,14,19,0
2,48,25,6,12,19,1
0,48,24,1,12,19,0
2,48,23,1,12,19,0
1,48,21,9,99,19,0
0,24,17,7,11,19,0
0,26,22,1,12,19,0
0,48,26,1,16,19,0
0,48,24,6,17,19,0
0,48,24,1,17,19,0
2,48,26,1,12,19,1
3,48,31,1,14,19,1
0,48,26,1,12,19,0
0,24,23,1,13,19,0
3,48,27,1,13,19,0
0,48,20,3,13,19,0
3,48,30,1,13,19,0
0,24,29,1,12,19,0
0,24,22,1,12,19,0
0,24,18,3,12,19,0
0,24,29,1,11,19,1
0,26,23,8,12,19,0
1,48,29,1,14,19,0
0,48,18,7,12,19,0
0,26,35,1,16,19,0
2,26,29,3,10,19,0
0,26,18,7,12,19,0
0,24,33,1,17,19,0
2,26,29,6,13,19,1
0,26,28,1,17,19,0
0,26,27,1,17,19,0
0,26,22,0,0,19,0
2,48,32,7,12,19,1
0,48,27,1,14,19,0
1,48,27,5,12,19,0
0,48,20,3,12,19,0
0,48,35,3,12,19,1
1,48,34,6,13,19,0
2,48,22,1,12,19,0
0,48,21,1,12,19,0
0,48,27,6,10,19,1
2,24,27,3,11,19,0
1,24,28,1,14,19,0
2,24,26,1,11,19,0
1,24,24,1,12,19,0
1,24,33,1,14,19,0
0,24,28,1,12,19,0
0,24,21,7,13,19,0
3,48,27,1,10,19,0
1,48,26,1,12,19,0
3,26,31,1,12,19,0
1,26,28,6,14,19,1
0,26,28,1,12,19,0
0,26,17,1,11,19,0
4,26,32,3,12,19,1
2,26,28,1,14,19,0
1,48,33,3,12,19,0
0,48,27,1,10,19,0
0,48,23,0,0,19,0
0,24,34,1,12,19,0
1,48,29,1,12,19,0
2,48,28,1,13,19,0
3,48,34,1,12,19,0
0,48,33,1,16,19,0
0,48,24,1,12,19,0
1,48,26,1,15,19,0
0,48,24,1,14,19,0
2,48,26,6,13,19,1
0,48,28,1,15,19,0
0,48,26,1,17,19,0
1,24,32,1,14,19,0
2,24,28,1,12,19,0
1,24,25,1,12,19,0
0,24,21,1,14,19,0
2,24,26,3,12,19,0
0,24,26,1,15,19,0
0,24,22,1,14,19,0
0,24,18,7,12,19,0
2,24,25,1,14,19,0
0,24,28,1,17,19,1
0,48,28,1,13,19,0
2,24,24,3,12,19,0
2,24,31,1,11,19,0
0,48,29,1,17,19,0
1,48,24,1,14,19,0
2,48,25,1,11,19,0
1,48,17,3,9,19,0
0,40,19,1,12,19,0
0,48,23,0,0,19,0
0,48,19,0,0,19,0
2,26,31,1,14,19,0
1,26,29,1,12,19,0
0,26,27,1,15,19,0
1,26,27,1,13,19,0
0,26,23,1,15,19,0
0,48,18,3,12,19,0
0,48,20,1,11,19,0
0,48,26,8,12,19,0
0,48,25,1,12,19,0
2,26,26,1,12,19,0
0,26,23,3,14,19,0
0,26,19,7,13,19,0
4,26,28,3,12,19,0
1,26,23,7,11,19,0
0,48,25,1,14,19,0
1,24,29,1,12,19,0
4,24,28,1,12,19,0
1,24,27,1,17,19,0
0,48,24,0,0,19,0
0,48,21,1,12,19,0
2,26,32,1,16,19,1
0,24,34,0,0,19,0
0,24,24,3,12,19,0
0,24,27,1,14,19,0
3,48,30,1,12,19,0
2,48,28,1,12,19,0
0,48,26,1,12,19,0
0,48,24,3,14,19,0
0,48,24,0,0,19,0
0,48,26,0,0,19,0
3,48,21,3,12,19,0
1,48,28,1,16,19,0
0,48,24,1,17,19,0
1,24,34,1,16,19,0
0,24,25,1,12,19,0
0,48,27,1,13,19,0
1,26,29,1,12,19,0
0,26,18,1,12,19,0
0,26,27,1,14,19,0
0,26,25,3,12,19,0
0,26,18,7,12,19,0
0,26,17,1,11,19,0
3,26,29,5,13,19,0
0,24,18,1,11,19,0
0,24,24,1,13,19,0
4,24,30,6,14,19,1
0,24,21,1,12,19,0
2,24,30,1,12,19,0
1,24,25,1,14,19,0
0,24,23,1,15,19,0
0,24,20,7,13,19,0
2,48,33,3,14,19,0
0,48,25,1,16,19,0
1,48,26,1,15,19,0
1,48,20,3,11,19,0
2,48,25,6,14,19,1
0,24,28,1,17,19,0
2,48,29,1,14,19,1
3,24,34,1,14,19,1
0,24,30,1,13,19,0
1,24,26,1,13,19,0
0,24,23,1,14,19,0
1,24,22,3,11,19,0
2,24,34,1,14,19,1
1,24,30,2,14,19,0
0,24,17,7,12,19,0
0,24,26,1,16,19,0
4,24,27,3,12,19,0
0,24,25,0,0,19,0
0,24,22,3,13,19,0
0,24,27,1,17,19,0
4,48,33,1,12,19,1
1,24,30,1,12,19,0
1,48,32,1,14,19,0
2,48,21,3,12,19,0
2,48,20,6,12,19,0
2,24,32,1,14,19,1
0,24,19,3,12,19,0
0,48,27,1,12,19,0
0,48,22,1,11,19,0
